,Date,SOURCE_TIMEZONE,OK_WTI_Spot_CAD_per_bbl
0,2010-01-04,MST,84.601456
1,2010-01-05,MST,84.780728
2,2010-01-06,MST,85.896208
3,2010-01-07,MST,85.49926
4,2010-01-08,MST,85.586256
5,2010-01-11,MST,85.156518
6,2010-01-12,MST,83.819625
7,2010-01-13,MST,82.225052
8,2010-01-14,MST,81.421035
9,2010-01-15,MST,80.197452
10,2010-01-19,MST,81.570544
11,2010-01-20,MST,81.120676
12,2010-01-21,MST,79.533408
13,2010-01-22,MST,78.4377
14,2010-01-25,MST,79.25918
15,2010-01-26,MST,79.195002
16,2010-01-27,MST,78.478148
17,2010-01-28,MST,78.353766
18,2010-01-29,MST,77.58525
19,2010-02-01,MST,79.268973
20,2010-02-02,MST,81.896647
21,2010-02-03,MST,81.646864
22,2010-02-04,MST,78.497742
23,2010-02-05,MST,76.308375
24,2010-02-08,MST,76.843404
25,2010-02-09,MST,78.79599
26,2010-02-10,MST,79.477608
27,2010-02-11,MST,79.164529
28,2010-02-12,MST,78.045241
29,2010-02-16,MST,80.259348
30,2010-02-17,MST,80.785785
31,2010-02-18,MST,82.539444
32,2010-02-19,MST,83.12034
33,2010-02-22,MST,83.465712
34,2010-02-23,MST,82.674137
35,2010-02-24,MST,84.13625
36,2010-02-25,MST,83.254325
37,2010-02-26,MST,83.913272
38,2010-03-01,MST,79.89065
39,2010-03-02,MST,82.215612
40,2010-03-03,MST,83.232117
41,2010-03-04,MST,82.688489
42,2010-03-05,MST,83.8309
43,2010-03-08,MST,84.19091
44,2010-03-09,MST,83.54565
45,2010-03-10,MST,84.064301
46,2010-03-11,MST,84.27565
47,2010-03-12,MST,82.779562
48,2010-03-15,MDT,81.521443
49,2010-03-16,MDT,82.9599
50,2010-03-17,MDT,83.867109
51,2010-03-18,MDT,83.302024
52,2010-03-19,MDT,81.82899
53,2010-03-22,MDT,82.828318
54,2010-03-23,MDT,83.133904
55,2010-03-24,MDT,82.433743
56,2010-03-25,MDT,81.7587
57,2010-03-26,MDT,82.022875
58,2010-03-29,MDT,83.582976
59,2010-03-30,MDT,83.684232
60,2010-03-31,MDT,84.75182
61,2010-04-01,MDT,85.163975
62,2010-04-05,MDT,86.5759
63,2010-04-06,MDT,86.548654
64,2010-04-07,MDT,85.89692
65,2010-04-08,MDT,85.34034
66,2010-04-09,MDT,85.0653
67,2010-04-12,MDT,84.196105
68,2010-04-13,MDT,84.03464
69,2010-04-14,MDT,85.286082
70,2010-04-15,MDT,85.36935
71,2010-04-16,MDT,84.197956
72,2010-04-19,MDT,83.158552
73,2010-04-20,MDT,82.863828
74,2010-04-21,MDT,82.647552
75,2010-04-22,MDT,82.997757
76,2010-04-23,MDT,84.567718
77,2010-04-26,MDT,84.27578
78,2010-04-27,MDT,83.856039
79,2010-04-28,MDT,84.285216
80,2010-04-29,MDT,85.629918
81,2010-04-30,MDT,87.068412
82,2010-05-03,MDT,87.344946
83,2010-05-04,MDT,84.516968
84,2010-05-05,MDT,82.128
85,2010-05-06,MDT,80.552766
86,2010-05-07,MDT,78.33681
87,2010-05-10,MDT,78.781494
88,2010-05-11,MDT,77.859215
89,2010-05-12,MDT,77.170565
90,2010-05-13,MDT,75.488262
91,2010-05-14,MDT,74.073384
92,2010-05-17,MDT,72.91824
93,2010-05-18,MDT,71.66954
94,2010-05-19,MDT,73.510365
95,2010-05-20,MDT,72.779652
96,2010-05-21,MDT,71.90771
97,2010-05-24,MDT,72.11911
98,2010-05-25,MDT,69.819884
99,2010-05-26,MDT,76.175952
100,2010-05-27,MDT,78.258176
101,2010-05-28,MDT,77.6926
102,2010-06-01,MDT,76.18233
103,2010-06-02,MDT,75.824352
104,2010-06-03,MDT,77.724192
105,2010-06-04,MDT,75.115788
106,2010-06-07,MDT,75.4137
107,2010-06-08,MDT,75.603384
108,2010-06-09,MDT,77.31801
109,2010-06-10,MDT,78.023676
110,2010-06-11,MDT,76.350537
111,2010-06-14,MDT,76.887247
112,2010-06-15,MDT,79.052992
113,2010-06-16,MDT,79.503012
114,2010-06-17,MDT,79.001688
115,2010-06-18,MDT,79.016884
116,2010-06-21,MDT,79.389016
117,2010-06-22,MDT,78.700715
118,2010-06-23,MDT,79.19406
119,2010-06-24,MDT,79.241472
120,2010-06-25,MDT,81.35265
121,2010-06-28,MDT,80.897362
122,2010-06-29,MDT,79.946697
123,2010-06-30,MDT,80.170754
124,2010-07-01,MDT,77.37077
125,2010-07-02,MDT,76.736694
126,2010-07-06,MDT,75.543608
127,2010-07-07,MDT,77.952435
128,2010-07-08,MDT,78.825516
129,2010-07-09,MDT,78.575424
130,2010-07-12,MDT,77.769847
131,2010-07-13,MDT,79.351344
132,2010-07-14,MDT,79.376812
133,2010-07-15,MDT,79.759801
134,2010-07-16,MDT,80.039052
135,2010-07-19,MDT,80.808027
136,2010-07-20,MDT,81.387032
137,2010-07-21,MDT,79.526729
138,2010-07-22,MDT,81.980776
139,2010-07-23,MDT,81.614764
140,2010-07-26,MDT,81.392616
141,2010-07-27,MDT,80.225322
142,2010-07-28,MDT,79.811042
143,2010-07-29,MDT,81.1971
144,2010-07-30,MDT,81.13665
145,2010-08-02,MDT,83.60625
146,2010-08-03,MDT,84.3767
147,2010-08-04,MDT,84.016065
148,2010-08-05,MDT,83.2956
149,2010-08-06,MDT,82.872291
150,2010-08-09,MDT,83.626836
151,2010-08-10,MDT,83.032352
152,2010-08-11,MDT,81.650904
153,2010-08-12,MDT,78.964512
154,2010-08-13,MDT,78.420678
155,2010-08-16,MDT,78.417344
156,2010-08-17,MDT,78.123712
157,2010-08-18,MDT,77.568771
158,2010-08-19,MDT,77.420555
159,2010-08-20,MDT,77.1225
160,2010-08-23,MDT,76.447294
161,2010-08-24,MDT,75.250812
162,2010-08-25,MDT,76.696894
163,2010-08-26,MDT,77.365456
164,2010-08-27,MDT,79.274282
165,2010-08-30,MDT,78.887578
166,2010-08-31,MDT,76.526327
167,2010-09-01,MDT,77.646309
168,2010-09-02,MDT,78.88948
169,2010-09-03,MDT,77.582772
170,2010-09-07,MDT,77.138946
171,2010-09-08,MDT,77.329935
172,2010-09-09,MDT,76.6854
173,2010-09-10,MDT,79.13512
174,2010-09-13,MDT,79.323043
175,2010-09-14,MDT,78.484516
176,2010-09-15,MDT,78.060944
177,2010-09-16,MDT,76.623492
178,2010-09-17,MDT,76.067153
179,2010-09-20,MDT,76.912161
180,2010-09-21,MDT,75.25824
181,2010-09-22,MDT,75.366446
182,2010-09-23,MDT,75.6754
183,2010-09-24,MDT,76.592769
184,2010-09-27,MDT,78.49926
185,2010-09-28,MDT,78.48019
186,2010-09-29,MDT,80.1855
187,2010-09-30,MDT,82.33251
188,2010-10-01,MDT,83.323755
189,2010-10-04,MDT,83.335462
190,2010-10-05,MDT,84.221544
191,2010-10-06,MDT,83.817433
192,2010-10-07,MDT,82.690244
193,2010-10-08,MDT,83.784176
194,2010-10-11,MDT,83.297648
195,2010-10-12,MDT,82.56837
196,2010-10-13,MDT,83.27909
197,2010-10-14,MDT,83.007756
198,2010-10-15,MDT,82.107284
199,2010-10-18,MDT,84.297594
200,2010-10-19,MDT,81.941186
201,2010-10-20,MDT,83.937285
202,2010-10-21,MDT,81.894699
203,2010-10-22,MDT,83.284245
204,2010-10-25,MDT,83.6236
205,2010-10-26,MDT,84.44198
206,2010-10-27,MDT,84.5208
207,2010-10-28,MDT,83.86044
208,2010-10-29,MDT,82.98126
209,2010-11-01,MDT,84.067984
210,2010-11-02,MDT,84.740709
211,2010-11-03,MDT,85.22694
212,2010-11-04,MDT,86.697576
213,2010-11-05,MDT,86.980275
214,2010-11-08,MST,87.261554
215,2010-11-09,MST,87.153152
216,2010-11-10,MST,87.919209
217,2010-11-11,MST,87.919209
218,2010-11-12,MST,85.56912
219,2010-11-15,MST,85.43172
220,2010-11-16,MST,84.231823
221,2010-11-17,MST,82.094901
222,2010-11-18,MST,83.304712
223,2010-11-19,MST,83.34832
224,2010-11-22,MST,82.759188
225,2010-11-23,MST,82.769355
226,2010-11-24,MST,84.108668
227,2010-11-26,MST,85.471917
228,2010-11-29,MST,87.676071
229,2010-11-30,MST,86.340768
230,2010-12-01,MST,88.138
231,2010-12-02,MST,88.384708
232,2010-12-03,MST,89.71508
233,2010-12-06,MST,89.848114
234,2010-12-07,MST,89.514817
235,2010-12-08,MST,89.17417
236,2010-12-09,MST,89.21583
237,2010-12-10,MST,88.626633
238,2010-12-13,MST,89.027652
239,2010-12-14,MST,88.692153
240,2010-12-15,MST,88.97031
241,2010-12-16,MST,88.201176
242,2010-12-17,MST,89.111448
243,2010-12-20,MST,90.258504
244,2010-12-21,MST,90.86275
245,2010-12-22,MST,91.159484
246,2010-12-23,MST,91.70298
247,2010-12-27,MST,91.572336
248,2010-12-28,MST,92.065472
249,2010-12-29,MST,91.157339
250,2010-12-30,MST,89.930865
251,2010-12-31,MST,90.886548
252,2011-01-03,MST,91.095414
253,2011-01-04,MST,89.264854
254,2011-01-05,MST,89.82141
255,2011-01-06,MST,87.963498
256,2011-01-07,MST,87.488738
257,2011-01-10,MST,88.5707
258,2011-01-11,MST,90.226233
259,2011-01-12,MST,90.60084
260,2011-01-13,MST,90.183652
261,2011-01-14,MST,90.651312
262,2011-01-18,MST,90.566718
263,2011-01-19,MST,90.295815
264,2011-01-20,MST,88.568856
265,2011-01-21,MST,87.73479
266,2011-01-24,MST,86.167516
267,2011-01-25,MST,84.960888
268,2011-01-26,MST,85.745095
269,2011-01-27,MST,83.951745
270,2011-01-28,MST,88.06185
271,2011-01-31,MST,91.190178
272,2011-02-01,MST,88.841588
273,2011-02-02,MST,88.729574
274,2011-02-03,MST,88.534742
275,2011-02-04,MST,87.000087
276,2011-02-07,MST,85.31618
277,2011-02-08,MST,85.04301
278,2011-02-09,MST,85.136373
279,2011-02-10,MST,85.05552
280,2011-02-11,MST,83.571417
281,2011-02-14,MST,82.69791
282,2011-02-15,MST,82.190631
283,2011-02-16,MST,82.5849
284,2011-02-17,MST,83.680695
285,2011-02-18,MST,83.58449
286,2011-02-22,MST,91.343635
287,2011-02-23,MST,95.310096
288,2011-02-24,MST,94.315886
289,2011-02-25,MST,94.676468
290,2011-02-28,MST,94.56569
291,2011-03-01,MST,97.069509
292,2011-03-02,MST,99.549618
293,2011-03-03,MST,99.341424
294,2011-03-04,MST,101.355876
295,2011-03-07,MST,102.609306
296,2011-03-08,MST,102.044778
297,2011-03-09,MST,101.112154
298,2011-03-10,MST,99.966563
299,2011-03-11,MST,98.449676
300,2011-03-14,MDT,98.76108
301,2011-03-15,MDT,95.57709
302,2011-03-16,MDT,97.186482
303,2011-03-17,MDT,100.303095
304,2011-03-18,MDT,99.483464
305,2011-03-21,MDT,100.046664
306,2011-03-22,MDT,102.104904
307,2011-03-23,MDT,103.326741
308,2011-03-24,MDT,102.392992
309,2011-03-25,MDT,102.561442
310,2011-03-28,MDT,101.034332
311,2011-03-29,MDT,101.846274
312,2011-03-30,MDT,100.83132
313,2011-03-31,MDT,103.195442
314,2011-04-01,MDT,103.559895
315,2011-04-04,MDT,104.668706
316,2011-04-05,MDT,103.895352
317,2011-04-06,MDT,103.914744
318,2011-04-07,MDT,105.350326
319,2011-04-08,MDT,107.397482
320,2011-04-11,MDT,104.53965
321,2011-04-12,MDT,101.784375
322,2011-04-13,MDT,102.7624
323,2011-04-14,MDT,103.700898
324,2011-04-15,MDT,104.966955
325,2011-04-18,MDT,103.40297
326,2011-04-19,MDT,102.581978
327,2011-04-20,MDT,105.564016
328,2011-04-21,MDT,106.346268
329,2011-04-25,MDT,106.553888
330,2011-04-26,MDT,106.212204
331,2011-04-27,MDT,107.244819
332,2011-04-28,MDT,106.884618
333,2011-04-29,MDT,107.561754
334,2011-05-02,MDT,107.288076
335,2011-05-03,MDT,104.9594
336,2011-05-04,MDT,104.22082
337,2011-05-05,MDT,96.583641
338,2011-05-06,MDT,93.159879
339,2011-05-09,MDT,96.919152
340,2011-05-10,MDT,99.35779
341,2011-05-11,MDT,93.788616
342,2011-05-12,MDT,95.160274
343,2011-05-13,MDT,96.322989
344,2011-05-16,MDT,94.031773
345,2011-05-17,MDT,94.21172
346,2011-05-18,MDT,96.763296
347,2011-05-19,MDT,95.060099
348,2011-05-20,MDT,96.522525
349,2011-05-23,MDT,94.48791
350,2011-05-24,MDT,96.889662
351,2011-05-25,MDT,98.41167
352,2011-05-26,MDT,98.266562
353,2011-05-27,MDT,98.276718
354,2011-05-31,MDT,99.49576
355,2011-06-01,MDT,97.43142
356,2011-06-02,MDT,98.331513
357,2011-06-03,MDT,97.97356
358,2011-06-06,MDT,96.939995
359,2011-06-07,MDT,96.65091
360,2011-06-08,MDT,98.55306
361,2011-06-09,MDT,99.21774
362,2011-06-10,MDT,96.99624
363,2011-06-13,MDT,95.05188
364,2011-06-14,MDT,96.249782
365,2011-06-15,MDT,92.74374
366,2011-06-16,MDT,93.459285
367,2011-06-17,MDT,91.131694
368,2011-06-20,MDT,91.225555
369,2011-06-21,MDT,91.11388
370,2011-06-22,MDT,92.358096
371,2011-06-23,MDT,88.87693
372,2011-06-24,MDT,89.517561
373,2011-06-27,MDT,89.389965
374,2011-06-28,MDT,91.23709
375,2011-06-29,MDT,92.051925
376,2011-06-30,MDT,91.89779
377,2011-07-01,MDT,91.425283
378,2011-07-05,MDT,93.120736
379,2011-07-06,MDT,93.354219
380,2011-07-07,MDT,94.61382
381,2011-07-08,MDT,92.61174
382,2011-07-11,MDT,91.981656
383,2011-07-12,MDT,94.175988
384,2011-07-13,MDT,93.941928
385,2011-07-14,MDT,91.776375
386,2011-07-15,MDT,92.728064
387,2011-07-18,MDT,92.24631
388,2011-07-19,MDT,92.673994
389,2011-07-20,MDT,92.998469
390,2011-07-21,MDT,93.527096
391,2011-07-22,MDT,94.573406
392,2011-07-25,MDT,93.516753
393,2011-07-26,MDT,94.121489
394,2011-07-27,MDT,92.27676
395,2011-07-28,MDT,92.450032
396,2011-07-29,MDT,91.259584
397,2011-08-01,MDT,90.591924
398,2011-08-02,MDT,89.84124
399,2011-08-03,MDT,88.507558
400,2011-08-04,MDT,84.728725
401,2011-08-05,MDT,85.525827
402,2011-08-08,MDT,80.37603
403,2011-08-09,MDT,78.471276
404,2011-08-10,MDT,82.30255
405,2011-08-11,MDT,84.556816
406,2011-08-12,MDT,84.159201
407,2011-08-15,MDT,86.456344
408,2011-08-16,MDT,85.064305
409,2011-08-17,MDT,86.00356
410,2011-08-18,MDT,81.564438
411,2011-08-19,MDT,81.086817
412,2011-08-22,MDT,83.584242
413,2011-08-23,MDT,84.300195
414,2011-08-24,MDT,83.97012
415,2011-08-25,MDT,83.813145
416,2011-08-26,MDT,84.115061
417,2011-08-29,MDT,85.35006
418,2011-08-30,MDT,87.05977
419,2011-08-31,MDT,86.891704
420,2011-09-01,MDT,86.724536
421,2011-09-02,MDT,84.850675
422,2011-09-06,MDT,85.21609
423,2011-09-07,MDT,88.294722
424,2011-09-08,MDT,87.794395
425,2011-09-09,MDT,86.987004
426,2011-09-12,MDT,87.810783
427,2011-09-13,MDT,89.325942
428,2011-09-14,MDT,88.136483
429,2011-09-15,MDT,88.22886
430,2011-09-16,MDT,86.323944
431,2011-09-19,MDT,84.82586
432,2011-09-20,MDT,86.259408
433,2011-09-21,MDT,85.649922
434,2011-09-22,MDT,82.931541
435,2011-09-23,MDT,81.824156
436,2011-09-26,MDT,82.680983
437,2011-09-27,MDT,85.787838
438,2011-09-28,MDT,82.76115
439,2011-09-29,MDT,84.637206
440,2011-09-30,MDT,82.000377
441,2011-10-03,MDT,80.74296
442,2011-10-04,MDT,79.95416
443,2011-10-05,MDT,82.975509
444,2011-10-06,MDT,85.85976
445,2011-10-07,MDT,85.41256
446,2011-10-10,MDT,87.932592
447,2011-10-11,MDT,87.994998
448,2011-10-12,MDT,86.69892
449,2011-10-13,MDT,85.958248
450,2011-10-14,MDT,88.07596
451,2011-10-17,MDT,87.692976
452,2011-10-18,MDT,89.779942
453,2011-10-19,MDT,87.281096
454,2011-10-20,MDT,87.946326
455,2011-10-21,MDT,87.983429
456,2011-10-24,MDT,91.475368
457,2011-10-25,MDT,94.318912
458,2011-10-26,MDT,91.11102
459,2011-10-27,MDT,93.415032
460,2011-10-28,MDT,92.918724
461,2011-10-31,MDT,92.584265
462,2011-11-01,MDT,94.015362
463,2011-11-02,MDT,93.675626
464,2011-11-03,MDT,95.264689
465,2011-11-04,MDT,95.95668
466,2011-11-07,MST,97.162944
467,2011-11-08,MST,98.1552
468,2011-11-09,MST,97.396302
469,2011-11-10,MST,99.63782
470,2011-11-11,MST,100.87081
471,2011-11-14,MST,99.886892
472,2011-11-15,MST,101.705195
473,2011-11-16,MST,104.703354
474,2011-11-17,MST,101.053332
475,2011-11-18,MST,100.228954
476,2011-11-21,MST,100.454105
477,2011-11-22,MST,101.357568
478,2011-11-23,MST,100.77568
479,2011-11-25,MST,101.629517
480,2011-11-28,MST,101.421467
481,2011-11-29,MST,102.743784
482,2011-11-30,MST,102.337092
483,2011-12-01,MST,101.94348
484,2011-12-02,MST,102.636005
485,2011-12-05,MST,102.363254
486,2011-12-06,MST,102.434625
487,2011-12-07,MST,101.504725
488,2011-12-08,MST,100.248155
489,2011-12-09,MST,101.39794
490,2011-12-12,MST,100.458675
491,2011-12-13,MST,103.086816
492,2011-12-14,MST,98.773752
493,2011-12-15,MST,97.002408
494,2011-12-16,MST,97.17974
495,2011-12-19,MST,97.276504
496,2011-12-20,MST,99.92906
497,2011-12-21,MST,101.358244
498,2011-12-22,MST,101.547588
499,2011-12-23,MST,101.794176
500,2011-12-27,MST,103.396832
501,2011-12-28,MST,101.766896
502,2011-12-29,MST,101.77328
503,2011-12-30,MST,100.51011
504,2012-01-03,MST,103.88664
505,2012-01-04,MST,104.61347
506,2012-01-05,MST,103.815657
507,2012-01-06,MST,103.916192
508,2012-01-09,MST,104.065632
509,2012-01-10,MST,103.916736
510,2012-01-11,MST,102.827088
511,2012-01-12,MST,100.990794
512,2012-01-13,MST,101.107905
513,2012-01-17,MST,102.02924
514,2012-01-18,MST,102.01854
515,2012-01-19,MST,101.27304
516,2012-01-20,MST,99.553545
517,2012-01-23,MST,100.26576
518,2012-01-24,MST,99.798748
519,2012-01-25,MST,100.42076
520,2012-01-26,MST,99.620336
521,2012-01-27,MST,99.599311
522,2012-01-30,MST,99.066
523,2012-01-31,MST,98.971992
524,2012-02-01,MST,97.346873
525,2012-02-02,MST,96.21546
526,2012-02-03,MST,97.2621
527,2012-02-06,MST,96.444306
528,2012-02-07,MST,98.03754
529,2012-02-08,MST,98.5036
530,2012-02-09,MST,99.290708
531,2012-02-10,MST,98.837888
532,2012-02-13,MST,100.349844
533,2012-02-14,MST,100.729262
534,2012-02-15,MST,101.46363
535,2012-02-16,MST,101.941146
536,2012-02-17,MST,102.96019
537,2012-02-21,MST,105.40354
538,2012-02-22,MST,105.99
539,2012-02-23,MST,107.27884
540,2012-02-24,MST,109.258732
541,2012-02-27,MST,108.305567
542,2012-02-28,MST,106.121004
543,2012-02-29,MST,105.645128
544,2012-03-01,MST,107.117724
545,2012-03-02,MST,105.485184
546,2012-03-05,MST,106.01712
547,2012-03-06,MST,104.867065
548,2012-03-07,MST,106.085688
549,2012-03-08,MST,105.807465
550,2012-03-09,MST,106.2723
551,2012-03-12,MDT,105.64879
552,2012-03-13,MDT,105.68635
553,2012-03-14,MDT,104.593335
554,2012-03-15,MDT,104.443151
555,2012-03-16,MDT,106.109542
556,2012-03-19,MDT,106.79292
557,2012-03-20,MDT,104.971944
558,2012-03-21,MDT,106.132597
559,2012-03-22,MDT,105.011494
560,2012-03-23,MDT,106.238426
561,2012-03-26,MDT,106.234854
562,2012-03-27,MDT,106.547296
563,2012-03-28,MDT,105.23136
564,2012-03-29,MDT,102.779721
565,2012-03-30,MDT,102.937273
566,2012-04-02,MDT,104.376425
567,2012-04-03,MDT,103.08382
568,2012-04-04,MDT,101.144186
569,2012-04-05,MDT,102.546312
570,2012-04-09,MDT,102.16314
571,2012-04-10,MDT,101.403136
572,2012-04-11,MDT,103.060374
573,2012-04-12,MDT,103.17155
574,2012-04-13,MDT,102.624036
575,2012-04-16,MDT,103.167008
576,2012-04-17,MDT,102.958394
577,2012-04-18,MDT,101.64403
578,2012-04-19,MDT,101.632626
579,2012-04-20,MDT,102.658138
580,2012-04-23,MDT,102.022848
581,2012-04-24,MDT,101.89373
582,2012-04-25,MDT,102.143456
583,2012-04-26,MDT,102.897496
584,2012-04-27,MDT,102.836202
585,2012-04-30,MDT,103.673276
586,2012-05-01,MDT,104.460663
587,2012-05-02,MDT,104.102775
588,2012-05-03,MDT,101.206208
589,2012-05-04,MDT,98.056644
590,2012-05-07,MDT,97.22391
591,2012-05-08,MDT,97.100861
592,2012-05-09,MDT,96.9452
593,2012-05-10,MDT,97.26507
594,2012-05-11,MDT,95.722704
595,2012-05-14,MDT,94.930025
596,2012-05-15,MDT,94.242513
597,2012-05-16,MDT,93.726356
598,2012-05-17,MDT,94.047492
599,2012-05-18,MDT,93.43171
600,2012-05-21,MDT,94.51397
601,2012-05-22,MDT,93.186504
602,2012-05-23,MDT,91.8585
603,2012-05-24,MDT,92.8449
604,2012-05-25,MDT,93.22324
605,2012-05-29,MDT,93.045975
606,2012-05-30,MDT,90.300794
607,2012-05-31,MDT,89.539548
608,2012-06-01,MDT,86.33046
609,2012-06-04,MDT,87.45911
610,2012-06-05,MDT,87.800434
611,2012-06-06,MDT,87.575985
612,2012-06-07,MDT,86.848632
613,2012-06-08,MDT,86.871456
614,2012-06-11,MDT,84.917014
615,2012-06-12,MDT,85.58378
616,2012-06-13,MDT,84.78912
617,2012-06-14,MDT,85.900601
618,2012-06-15,MDT,86.080332
619,2012-06-18,MDT,85.474716
620,2012-06-19,MDT,85.485022
621,2012-06-20,MDT,82.632564
622,2012-06-21,MDT,79.865541
623,2012-06-22,MDT,81.39258
624,2012-06-25,MDT,81.146428
625,2012-06-26,MDT,81.44251
626,2012-06-27,MDT,82.332939
627,2012-06-28,MDT,80.308076
628,2012-06-29,MDT,86.664264
629,2012-07-02,MDT,85.319052
630,2012-07-03,MDT,88.819202
631,2012-07-05,MDT,88.251141
632,2012-07-06,MDT,86.048963
633,2012-07-09,MDT,87.751716
634,2012-07-10,MDT,85.623576
635,2012-07-11,MDT,87.55466
636,2012-07-12,MDT,87.860828
637,2012-07-13,MDT,88.465965
638,2012-07-16,MDT,89.798037
639,2012-07-17,MDT,90.325887
640,2012-07-18,MDT,90.886656
641,2012-07-19,MDT,93.494406
642,2012-07-20,MDT,92.603784
643,2012-07-23,MDT,89.279644
644,2012-07-24,MDT,90.116224
645,2012-07-25,MDT,90.40728
646,2012-07-26,MDT,90.30294
647,2012-07-27,MDT,90.67078
648,2012-07-30,MDT,90.09634
649,2012-07-31,MDT,88.203312
650,2012-08-01,MDT,89.141283
651,2012-08-02,MDT,87.760764
652,2012-08-03,MDT,91.27204
653,2012-08-06,MDT,92.17078
654,2012-08-07,MDT,93.342752
655,2012-08-08,MDT,92.895033
656,2012-08-09,MDT,92.680236
657,2012-08-10,MDT,92.159304
658,2012-08-13,MDT,92.138508
659,2012-08-14,MDT,92.59676
660,2012-08-15,MDT,93.321585
661,2012-08-16,MDT,94.521646
662,2012-08-17,MDT,94.896
663,2012-08-20,MDT,94.97367
664,2012-08-21,MDT,95.23692
665,2012-08-22,MDT,96.202081
666,2012-08-23,MDT,95.179736
667,2012-08-24,MDT,95.01376
668,2012-08-27,MDT,94.508168
669,2012-08-28,MDT,94.99032
670,2012-08-29,MDT,94.30625
671,2012-08-30,MDT,93.909886
672,2012-08-31,MDT,95.148361
673,2012-09-04,MDT,94.033842
674,2012-09-05,MDT,94.435374
675,2012-09-06,MDT,93.90735
676,2012-09-07,MDT,94.269698
677,2012-09-10,MDT,94.222824
678,2012-09-11,MDT,94.351972
679,2012-09-12,MDT,94.662414
680,2012-09-13,MDT,95.87199
681,2012-09-14,MDT,96.07074
682,2012-09-17,MDT,93.836673
683,2012-09-18,MDT,92.79255
684,2012-09-19,MDT,89.624765
685,2012-09-20,MDT,90.057636
686,2012-09-21,MDT,90.361056
687,2012-09-24,MDT,89.855568
688,2012-09-25,MDT,88.97539
689,2012-09-26,MDT,88.499264
690,2012-09-27,MDT,90.180846
691,2012-09-28,MDT,90.677466
692,2012-10-01,MDT,90.840788
693,2012-10-02,MDT,90.308852
694,2012-10-03,MDT,87.04353
695,2012-10-04,MDT,90.057918
696,2012-10-05,MDT,87.740081
697,2012-10-08,MDT,87.310509
698,2012-10-09,MDT,90.460696
699,2012-10-10,MDT,89.296588
700,2012-10-11,MDT,90.180258
701,2012-10-12,MDT,89.984217
702,2012-10-15,MDT,89.856256
703,2012-10-16,MDT,90.725778
704,2012-10-17,MDT,90.162384
705,2012-10-18,MDT,90.2336
706,2012-10-19,MDT,89.388
707,2012-10-22,MDT,87.75254
708,2012-10-23,MDT,86.07811
709,2012-10-24,MDT,84.928894
710,2012-10-25,MDT,85.093578
711,2012-10-26,MDT,85.75416
712,2012-10-29,MDT,85.554208
713,2012-10-30,MDT,85.59861
714,2012-10-31,MDT,86.195508
715,2012-11-01,MDT,86.814965
716,2012-11-02,MDT,84.59436
717,2012-11-05,MST,85.34026
718,2012-11-06,MST,88.052832
719,2012-11-07,MST,84.2634
720,2012-11-08,MST,84.950902
721,2012-11-09,MST,86.131648
722,2012-11-12,MST,85.611336
723,2012-11-13,MST,85.516608
724,2012-11-14,MST,86.475376
725,2012-11-15,MST,85.663625
726,2012-11-16,MST,86.862536
727,2012-11-19,MST,88.72942
728,2012-11-20,MST,86.20062
729,2012-11-21,MST,86.90584
730,2012-11-23,MST,86.374827
731,2012-11-26,MST,86.834872
732,2012-11-27,MST,86.254416
733,2012-11-28,MST,85.48869
734,2012-11-29,MST,87.02652
735,2012-11-30,MST,87.937928
736,2012-12-03,MST,88.051432
737,2012-12-04,MST,87.397308
738,2012-12-05,MST,86.591232
739,2012-12-06,MST,84.70077
740,2012-12-07,MST,84.51005
741,2012-12-10,MST,84.050208
742,2012-12-11,MST,84.224712
743,2012-12-12,MST,85.08929
744,2012-12-13,MST,84.083533
745,2012-12-14,MST,85.11152
746,2012-12-17,MST,85.331311
747,2012-12-18,MST,86.183084
748,2012-12-19,MST,87.914012
749,2012-12-20,MST,88.709808
750,2012-12-21,MST,87.68844
751,2012-12-24,MST,87.521877
752,2012-12-26,MST,89.920823
753,2012-12-27,MST,90.446359
754,2012-12-28,MST,90.224832
755,2012-12-31,MST,91.361667
756,2013-01-02,MST,91.826726
757,2013-01-03,MST,91.603341
758,2013-01-04,MST,91.779072
759,2013-01-07,MST,91.8952
760,2013-01-08,MST,92.026233
761,2013-01-09,MST,91.851344
762,2013-01-10,MST,92.49666
763,2013-01-11,MST,92.11176
764,2013-01-14,MST,92.76168
765,2013-01-15,MST,91.758514
766,2013-01-16,MST,92.8658
767,2013-01-17,MST,94.086297
768,2013-01-18,MST,95.007657
769,2013-01-22,MST,95.455806
770,2013-01-23,MST,94.926916
771,2013-01-24,MST,95.59791
772,2013-01-25,MST,95.89217
773,2013-01-28,MST,96.612055
774,2013-01-29,MST,97.903098
775,2013-01-30,MST,98.303334
776,2013-01-31,MST,97.57188
777,2013-02-01,MST,97.333302
778,2013-02-04,MST,95.988717
779,2013-02-05,MST,96.409296
780,2013-02-06,MST,96.05424
781,2013-02-07,MST,95.772912
782,2013-02-08,MST,95.90142
783,2013-02-11,MST,97.640565
784,2013-02-12,MST,97.762692
785,2013-02-13,MST,97.22406
786,2013-02-14,MST,97.37784
787,2013-02-15,MST,96.62165
788,2013-02-19,MST,97.830942
789,2013-02-20,MST,96.467196
790,2013-02-21,MST,94.506615
791,2013-02-22,MST,95.205888
792,2013-02-25,MST,95.19761
793,2013-02-26,MST,95.22364
794,2013-02-27,MST,95.161
795,2013-02-28,MST,94.652855
796,2013-03-01,MST,93.295235
797,2013-03-04,MST,92.815874
798,2013-03-05,MST,93.51552
799,2013-03-06,MST,93.310758
800,2013-03-07,MST,94.294206
801,2013-03-08,MST,94.521873
802,2013-03-11,MDT,94.537476
803,2013-03-12,MDT,94.787976
804,2013-03-13,MDT,94.994431
805,2013-03-14,MDT,95.458083
806,2013-03-15,MDT,95.294357
807,2013-03-18,MDT,95.743507
808,2013-03-19,MDT,94.972856
809,2013-03-20,MDT,95.708028
810,2013-03-21,MDT,94.688286
811,2013-03-22,MDT,95.511725
812,2013-03-25,MDT,96.61119
813,2013-03-26,MDT,97.583434
814,2013-03-27,MDT,98.17101
815,2013-03-28,MDT,98.756944
816,2013-04-01,MDT,98.72157
817,2013-04-02,MDT,98.669004
818,2013-04-03,MDT,96.293268
819,2013-04-04,MDT,94.556314
820,2013-04-05,MDT,94.531716
821,2013-04-08,MDT,95.208528
822,2013-04-09,MDT,95.705716
823,2013-04-10,MDT,96.00885
824,2013-04-11,MDT,94.439808
825,2013-04-12,MDT,92.452482
826,2013-04-15,MDT,90.57825
827,2013-04-16,MDT,90.77079
828,2013-04-17,MDT,88.92023
829,2013-04-18,MDT,90.069665
830,2013-04-19,MDT,90.364256
831,2013-04-22,MDT,91.145703
832,2013-04-23,MDT,91.520539
833,2013-04-24,MDT,93.52889
834,2013-04-25,MDT,95.079438
835,2013-04-26,MDT,94.20471
836,2013-04-29,MDT,95.388442
837,2013-04-30,MDT,93.891184
838,2013-05-01,MDT,91.502216
839,2013-05-02,MDT,94.47771
840,2013-05-03,MDT,96.002475
841,2013-05-06,MDT,96.5185
842,2013-05-07,MDT,95.775456
843,2013-05-08,MDT,96.461352
844,2013-05-09,MDT,96.349443
845,2013-05-10,MDT,96.998044
846,2013-05-13,MDT,95.783408
847,2013-05-14,MDT,95.350608
848,2013-05-15,MDT,95.575335
849,2013-05-16,MDT,96.396055
850,2013-05-17,MDT,98.294868
851,2013-05-20,MDT,98.880201
852,2013-05-21,MDT,98.196735
853,2013-05-22,MDT,97.109534
854,2013-05-23,MDT,97.03772
855,2013-05-24,MDT,96.871032
856,2013-05-28,MDT,98.161515
857,2013-05-29,MDT,96.57581
858,2013-05-30,MDT,96.461313
859,2013-05-31,MDT,95.046427
860,2013-06-03,MDT,96.128231
861,2013-06-04,MDT,96.608928
862,2013-06-05,MDT,96.89127
863,2013-06-06,MDT,96.964098
864,2013-06-07,MDT,98.12831
865,2013-06-10,MDT,97.611834
866,2013-06-11,MDT,97.3145
867,2013-06-12,MDT,97.918796
868,2013-06-13,MDT,98.30322
869,2013-06-14,MDT,99.561591
870,2013-06-17,MDT,99.582336
871,2013-06-18,MDT,100.517814
872,2013-06-19,MDT,100.077088
873,2013-06-20,MDT,98.562243
874,2013-06-21,MDT,98.21907
875,2013-06-24,MDT,100.127724
876,2013-06-25,MDT,100.136325
877,2013-06-26,MDT,99.947543
878,2013-06-27,MDT,101.656
879,2013-06-28,MDT,101.293632
880,2013-07-01,MDT,102.954528
881,2013-07-02,MDT,104.93145
882,2013-07-03,MDT,107.250416
883,2013-07-05,MDT,108.945512
884,2013-07-08,MDT,108.964528
885,2013-07-09,MDT,108.94338
886,2013-07-10,MDT,111.847551
887,2013-07-11,MDT,108.845553
888,2013-07-12,MDT,109.99932
889,2013-07-15,MDT,110.58606
890,2013-07-16,MDT,109.988144
891,2013-07-17,MDT,110.911575
892,2013-07-18,MDT,112.214424
893,2013-07-19,MDT,111.9204
894,2013-07-22,MDT,110.202757
895,2013-07-23,MDT,110.386752
896,2013-07-24,MDT,108.551218
897,2013-07-25,MDT,108.454801
898,2013-07-26,MDT,107.808516
899,2013-07-29,MDT,107.340321
900,2013-07-30,MDT,106.162002
901,2013-07-31,MDT,108.11637
902,2013-08-01,MDT,111.578034
903,2013-08-02,MDT,111.025108
904,2013-08-05,MDT,110.682502
905,2013-08-06,MDT,109.311628
906,2013-08-07,MDT,108.753456
907,2013-08-08,MDT,107.05006
908,2013-08-09,MDT,109.253012
909,2013-08-12,MDT,109.343843
910,2013-08-13,MDT,110.46391
911,2013-08-14,MDT,110.331858
912,2013-08-15,MDT,111.08262
913,2013-08-16,MDT,111.29151
914,2013-08-19,MDT,110.718476
915,2013-08-20,MDT,108.84424
916,2013-08-21,MDT,108.534099
917,2013-08-22,MDT,110.302416
918,2013-08-23,MDT,111.96372
919,2013-08-26,MDT,111.322232
920,2013-08-27,MDT,114.598233
921,2013-08-28,MDT,115.56833
922,2013-08-29,MDT,114.217626
923,2013-08-30,MDT,113.951294
924,2013-09-03,MDT,114.462111
925,2013-09-04,MDT,112.461378
926,2013-09-05,MDT,113.925
927,2013-09-06,MDT,114.93418
928,2013-09-09,MDT,113.632092
929,2013-09-10,MDT,111.317036
930,2013-09-11,MDT,111.277805
931,2013-09-12,MDT,112.19904
932,2013-09-13,MDT,112.003371
933,2013-09-16,MDT,109.906664
934,2013-09-17,MDT,108.425976
935,2013-09-18,MDT,111.606776
936,2013-09-19,MDT,108.778362
937,2013-09-20,MDT,107.70489
938,2013-09-23,MDT,106.552446
939,2013-09-24,MDT,106.26499
940,2013-09-25,MDT,105.70906
941,2013-09-26,MDT,106.40951
942,2013-09-27,MDT,105.9458
943,2013-09-30,MDT,105.27726
944,2013-10-01,MDT,105.489597
945,2013-10-02,MDT,107.60778
946,2013-10-03,MDT,106.626267
947,2013-10-04,MDT,107.007198
948,2013-10-07,MDT,106.223942
949,2013-10-08,MDT,106.967174
950,2013-10-09,MDT,105.664711
951,2013-10-10,MDT,107.027964
952,2013-10-11,MDT,106.103545
953,2013-10-14,MDT,106.40471
954,2013-10-15,MDT,104.902665
955,2013-10-16,MDT,105.87073
956,2013-10-17,MDT,103.59052
957,2013-10-18,MDT,103.764969
958,2013-10-21,MDT,102.228616
959,2013-10-22,MDT,100.402692
960,2013-10-23,MDT,100.63065
961,2013-10-24,MDT,100.72863
962,2013-10-25,MDT,101.783
963,2013-10-28,MDT,103.13393
964,2013-10-29,MDT,102.663905
965,2013-10-30,MDT,101.224536
966,2013-10-31,MDT,100.420841
967,2013-11-01,MDT,98.749008
968,2013-11-04,MST,98.50507
969,2013-11-05,MST,97.58432
970,2013-11-06,MST,98.709606
971,2013-11-07,MST,98.41585
972,2013-11-08,MST,99.165072
973,2013-11-11,MST,99.762831
974,2013-11-12,MST,97.794624
975,2013-11-13,MST,98.304988
976,2013-11-14,MST,98.419872
977,2013-11-15,MST,98.09604
978,2013-11-18,MST,97.002381
979,2013-11-19,MST,97.70011
980,2013-11-20,MST,97.49363
981,2013-11-21,MST,100.17471
982,2013-11-22,MST,99.587355
983,2013-11-25,MST,99.059844
984,2013-11-26,MST,98.519527
985,2013-11-27,MST,97.526975
986,2013-11-29,MST,98.093745
987,2013-12-02,MST,99.544874
988,2013-12-03,MST,102.173946
989,2013-12-04,MST,103.719112
990,2013-12-05,MST,103.337532
991,2013-12-06,MST,103.942924
992,2013-12-09,MST,103.32411
993,2013-12-10,MST,104.445336
994,2013-12-11,MST,103.153075
995,2013-12-12,MST,103.441161
996,2013-12-13,MST,101.998065
997,2013-12-16,MST,102.787286
998,2013-12-17,MST,102.90639
999,2013-12-18,MST,103.884555
1000,2013-12-19,MST,105.05184
1001,2013-12-20,MST,105.84948
1002,2013-12-23,MST,104.566786
1003,2013-12-24,MST,104.990053
1004,2013-12-26,MST,105.319242
1005,2013-12-27,MST,106.905818
1006,2013-12-30,MST,105.2296
1007,2013-12-31,MST,104.413612
1008,2014-01-02,MST,101.162362
1009,2014-01-03,MST,99.410724
1010,2014-01-06,MST,99.256608
1011,2014-01-07,MST,100.233602
1012,2014-01-08,MST,99.28876
1013,2014-01-09,MST,99.134736
1014,2014-01-10,MST,100.862163
1015,2014-01-13,MST,99.397005
1016,2014-01-14,MST,100.75681
1017,2014-01-15,MST,102.529674
1018,2014-01-16,MST,102.201804
1019,2014-01-17,MST,102.989556
1020,2014-01-21,MST,103.696372
1021,2014-01-22,MST,106.649815
1022,2014-01-23,MST,108.21699
1023,2014-01-24,MST,106.925292
1024,2014-01-27,MST,106.341036
1025,2014-01-28,MST,108.681852
1026,2014-01-29,MST,108.514632
1027,2014-01-30,MST,109.755075
1028,2014-01-31,MST,108.465845
1029,2014-02-03,MST,106.816944
1030,2014-02-04,MST,107.49882
1031,2014-02-05,MST,108.12374
1032,2014-02-06,MST,108.269744
1033,2014-02-07,MST,110.157964
1034,2014-02-10,MST,110.612576
1035,2014-02-11,MST,110.2059
1036,2014-02-12,MST,110.347734
1037,2014-02-13,MST,110.09646
1038,2014-02-14,MST,110.150411
1039,2014-02-18,MST,112.312062
1040,2014-02-19,MST,114.27157
1041,2014-02-20,MST,114.59328
1042,2014-02-21,MST,114.095384
1043,2014-02-24,MST,114.085386
1044,2014-02-25,MST,113.27848
1045,2014-02-26,MST,114.427281
1046,2014-02-27,MST,114.38552
1047,2014-02-28,MST,113.9396
1048,2014-03-03,MST,116.843128
1049,2014-03-04,MST,115.185496
1050,2014-03-05,MST,112.443925
1051,2014-03-06,MST,111.655812
1052,2014-03-07,MST,114.017098
1053,2014-03-10,MDT,112.593595
1054,2014-03-11,MDT,111.171465
1055,2014-03-12,MDT,109.416428
1056,2014-03-13,MDT,108.988849
1057,2014-03-14,MDT,110.016301
1058,2014-03-17,MDT,108.784836
1059,2014-03-18,MDT,110.948688
1060,2014-03-19,MDT,112.583709
1061,2014-03-20,MDT,112.149968
1062,2014-03-21,MDT,111.906418
1063,2014-03-24,MDT,112.226085
1064,2014-03-25,MDT,111.380016
1065,2014-03-26,MDT,112.109723
1066,2014-03-27,MDT,111.952125
1067,2014-03-28,MDT,112.554072
1068,2014-03-31,MDT,112.265321
1069,2014-04-01,MDT,109.928163
1070,2014-04-02,MDT,109.86876
1071,2014-04-03,MDT,110.670015
1072,2014-04-04,MDT,111.053448
1073,2014-04-07,MDT,110.181753
1074,2014-04-08,MDT,112.026954
1075,2014-04-09,MDT,112.900565
1076,2014-04-10,MDT,112.797344
1077,2014-04-11,MDT,113.63328
1078,2014-04-14,MDT,114.14285
1079,2014-04-15,MDT,113.87297
1080,2014-04-16,MDT,114.371388
1081,2014-04-17,MDT,114.742134
1082,2014-04-21,MDT,115.004135
1083,2014-04-22,MDT,112.123394
1084,2014-04-23,MDT,111.941704
1085,2014-04-24,MDT,112.69594
1086,2014-04-25,MDT,111.35857
1087,2014-04-28,MDT,111.576729
1088,2014-04-29,MDT,111.340228
1089,2014-04-30,MDT,109.646699
1090,2014-05-01,MDT,109.310085
1091,2014-05-02,MDT,109.828757
1092,2014-05-05,MDT,109.26517
1093,2014-05-06,MDT,108.69309
1094,2014-05-07,MDT,110.114976
1095,2014-05-08,MDT,109.144616
1096,2014-05-09,MDT,109.3488
1097,2014-05-12,MDT,109.838943
1098,2014-05-13,MDT,111.109292
1099,2014-05-14,MDT,111.733281
1100,2014-05-15,MDT,110.764338
1101,2014-05-16,MDT,111.333742
1102,2014-05-19,MDT,112.03019
1103,2014-05-20,MDT,112.06228
1104,2014-05-21,MDT,114.042123
1105,2014-05-22,MDT,113.371894
1106,2014-05-23,MDT,114.14587
1107,2014-05-27,MDT,113.885382
1108,2014-05-28,MDT,112.332179
1109,2014-05-29,MDT,112.986562
1110,2014-05-30,MDT,112.36478
1111,2014-06-02,MDT,112.294765
1112,2014-06-03,MDT,112.79561
1113,2014-06-04,MDT,112.946399
1114,2014-06-05,MDT,112.806078
1115,2014-06-06,MDT,112.990752
1116,2014-06-09,MDT,114.65319
1117,2014-06-10,MDT,114.62933
1118,2014-06-11,MDT,114.146968
1119,2014-06-12,MDT,116.32272
1120,2014-06-13,MDT,116.820132
1121,2014-06-16,MDT,116.6592
1122,2014-06-17,MDT,116.06214
1123,2014-06-18,MDT,115.91768
1124,2014-06-19,MDT,115.946224
1125,2014-06-20,MDT,116.21897
1126,2014-06-23,MDT,114.639273
1127,2014-06-24,MDT,114.53136
1128,2014-06-25,MDT,114.757584
1129,2014-06-26,MDT,114.018843
1130,2014-06-27,MDT,113.656696
1131,2014-06-30,MDT,113.240332
1132,2014-07-01,MDT,113.229656
1133,2014-07-02,MDT,112.195506
1134,2014-07-03,MDT,111.401784
1135,2014-07-07,MDT,111.087378
1136,2014-07-08,MDT,111.073644
1137,2014-07-09,MDT,109.62045
1138,2014-07-10,MDT,110.427538
1139,2014-07-11,MDT,108.78656
1140,2014-07-14,MDT,109.074906
1141,2014-07-15,MDT,108.262896
1142,2014-07-16,MDT,109.521
1143,2014-07-17,MDT,111.659152
1144,2014-07-18,MDT,111.482271
1145,2014-07-21,MDT,113.103558
1146,2014-07-22,MDT,112.381955
1147,2014-07-23,MDT,111.502321
1148,2014-07-24,MDT,110.384792
1149,2014-07-25,MDT,113.795722
1150,2014-07-28,MDT,114.144968
1151,2014-07-29,MDT,113.837841
1152,2014-07-30,MDT,113.769961
1153,2014-07-31,MDT,106.97247
1154,2014-08-01,MDT,106.853334
1155,2014-08-04,MDT,107.290094
1156,2014-08-05,MDT,106.78198
1157,2014-08-06,MDT,105.905718
1158,2014-08-07,MDT,106.314748
1159,2014-08-08,MDT,107.195302
1160,2014-08-11,MDT,107.261415
1161,2014-08-12,MDT,106.550784
1162,2014-08-13,MDT,106.634253
1163,2014-08-14,MDT,104.243694
1164,2014-08-15,MDT,106.1543
1165,2014-08-18,MDT,105.013516
1166,2014-08-19,MDT,103.115115
1167,2014-08-20,MDT,105.50016
1168,2014-08-21,MDT,102.878356
1169,2014-08-22,MDT,102.50295
1170,2014-08-25,MDT,104.73822
1171,2014-08-26,MDT,104.888678
1172,2014-08-27,MDT,104.357562
1173,2014-08-28,MDT,104.704908
1174,2014-08-29,MDT,106.256388
1175,2014-09-02,MDT,101.5151
1176,2014-09-03,MDT,103.83715
1177,2014-09-04,MDT,102.666213
1178,2014-09-05,MDT,101.62548
1179,2014-09-08,MDT,101.283312
1180,2014-09-09,MDT,102.114276
1181,2014-09-10,MDT,100.468305
1182,2014-09-11,MDT,102.476248
1183,2014-09-12,MDT,102.098568
1184,2014-09-15,MDT,102.619586
1185,2014-09-16,MDT,104.30609
1186,2014-09-17,MDT,103.310216
1187,2014-09-18,MDT,101.874422
1188,2014-09-19,MDT,101.386467
1189,2014-09-22,MDT,100.679168
1190,2014-09-23,MDT,101.2543
1191,2014-09-24,MDT,103.8024
1192,2014-09-25,MDT,103.941054
1193,2014-09-26,MDT,106.67202
1194,2014-09-29,MDT,105.353685
1195,2014-09-30,MDT,102.183336
1196,2014-10-01,MDT,101.365654
1197,2014-10-02,MDT,101.496402
1198,2014-10-03,MDT,101.033856
1199,2014-10-06,MDT,100.943775
1200,2014-10-07,MDT,99.396798
1201,2014-10-08,MDT,97.607678
1202,2014-10-09,MDT,95.613824
1203,2014-10-10,MDT,95.976899
1204,2014-10-13,MDT,95.820421
1205,2014-10-14,MDT,91.820592
1206,2014-10-15,MDT,92.366598
1207,2014-10-16,MDT,92.752978
1208,2014-10-17,MDT,93.13344
1209,2014-10-20,MDT,93.328452
1210,2014-10-21,MDT,93.398175
1211,2014-10-22,MDT,90.335388
1212,2014-10-23,MDT,93.053597
1213,2014-10-24,MDT,91.128051
1214,2014-10-27,MDT,91.393122
1215,2014-10-28,MDT,90.944208
1216,2014-10-29,MDT,91.5936
1217,2014-10-30,MDT,90.730458
1218,2014-10-31,MDT,90.797575
1219,2014-11-03,MST,89.16764
1220,2014-11-04,MST,87.927855
1221,2014-11-05,MST,89.548367
1222,2014-11-06,MST,88.958688
1223,2014-11-07,MST,89.41456
1224,2014-11-10,MST,87.844335
1225,2014-11-11,MST,88.320825
1226,2014-11-12,MST,87.067344
1227,2014-11-13,MST,84.13755
1228,2014-11-14,MST,85.732754
1229,2014-11-17,MST,85.533712
1230,2014-11-18,MST,84.278775
1231,2014-11-19,MST,84.61425
1232,2014-11-20,MST,85.552656
1233,2014-11-21,MST,85.993176
1234,2014-11-24,MST,85.449868
1235,2014-11-25,MST,83.376444
1236,2014-11-26,MST,82.80932
1237,2014-11-28,MST,75.349638
1238,2014-12-01,MST,78.250912
1239,2014-12-02,MST,76.3686
1240,2014-12-03,MST,76.4528
1241,2014-12-04,MST,75.892029
1242,2014-12-05,MST,75.266147
1243,2014-12-08,MST,72.422736
1244,2014-12-09,MST,72.803828
1245,2014-12-10,MST,70.028718
1246,2014-12-11,MST,69.221535
1247,2014-12-12,MST,66.71274
1248,2014-12-15,MST,65.08148
1249,2014-12-16,MST,65.065125
1250,2014-12-17,MST,65.622447
1251,2014-12-18,MST,62.816292
1252,2014-12-19,MST,66.180639
1253,2014-12-22,MST,64.327575
1254,2014-12-23,MST,66.018106
1255,2014-12-24,MST,64.74011
1256,2014-12-26,MST,63.449957
1257,2014-12-29,MST,62.184672
1258,2014-12-30,MST,62.796986
1259,2014-12-31,MST,62.007345
1260,2015-01-02,MST,61.830016
1261,2015-01-05,MST,58.993935
1262,2015-01-06,MST,56.635592
1263,2015-01-07,MST,57.702519
1264,2015-01-08,MST,57.64256
1265,2015-01-09,MST,57.328595
1266,2015-01-12,MST,54.94958
1267,2015-01-13,MST,54.865216
1268,2015-01-14,MST,57.984342
1269,2015-01-15,MST,55.328684
1270,2015-01-16,MST,58.120114
1271,2015-01-20,MST,56.545715
1272,2015-01-21,MST,59.20959
1273,2015-01-22,MST,56.820003
1274,2015-01-23,MST,56.135978
1275,2015-01-26,MST,55.60128
1276,2015-01-27,MST,56.859936
1277,2015-01-28,MST,54.884008
1278,2015-01-29,MST,55.785328
1279,2015-01-30,MST,60.774543
1280,2015-02-02,MST,61.94665
1281,2015-02-03,MST,66.066624
1282,2015-02-04,MST,60.80475
1283,2015-02-05,MST,62.706256
1284,2015-02-06,MST,64.693818
1285,2015-02-09,MST,65.961952
1286,2015-02-10,MST,62.715168
1287,2015-02-11,MST,61.6588
1288,2015-02-12,MST,63.768054
1289,2015-02-13,MST,65.556434
1290,2015-02-17,MST,66.430468
1291,2015-02-18,MST,64.927915
1292,2015-02-19,MST,63.828432
1293,2015-02-20,MST,62.46747
1294,2015-02-23,MST,62.34648
1295,2015-02-24,MST,61.099344
1296,2015-02-25,MST,62.405475
1297,2015-02-26,MST,59.51485
1298,2015-02-27,MST,62.339872
1299,2015-03-02,MST,62.161065
1300,2015-03-03,MST,62.795436
1301,2015-03-04,MST,64.10332
1302,2015-03-05,MST,63.358632
1303,2015-03-06,MST,62.587976
1304,2015-03-09,MDT,62.92701
1305,2015-03-10,MDT,61.168986
1306,2015-03-11,MDT,61.343784
1307,2015-03-12,MDT,59.799992
1308,2015-03-13,MDT,57.459864
1309,2015-03-16,MDT,56.076645
1310,2015-03-17,MDT,55.404691
1311,2015-03-18,MDT,56.996973
1312,2015-03-19,MDT,56.099088
1313,2015-03-20,MDT,57.937
1314,2015-03-23,MDT,59.32584
1315,2015-03-24,MDT,58.839233
1316,2015-03-25,MDT,61.000875
1317,2015-03-26,MDT,64.113411
1318,2015-03-27,MDT,61.42814
1319,2015-03-30,MDT,61.744674
1320,2015-03-31,MDT,60.523276
1321,2015-04-01,MDT,63.211344
1322,2015-04-02,MDT,61.830105
1323,2015-04-06,MDT,64.850016
1324,2015-04-07,MDT,67.37276
1325,2015-04-08,MDT,63.090352
1326,2015-04-09,MDT,63.89382
1327,2015-04-10,MDT,65.027985
1328,2015-04-13,MDT,65.46739
1329,2015-04-14,MDT,66.50774
1330,2015-04-15,MDT,69.631875
1331,2015-04-16,MDT,69.195814
1332,2015-04-17,MDT,68.127759
1333,2015-04-20,MDT,68.793948
1334,2015-04-21,MDT,68.218892
1335,2015-04-22,MDT,68.80825
1336,2015-04-23,MDT,68.739873
1337,2015-04-24,MDT,68.105268
1338,2015-04-27,MDT,67.25538
1339,2015-04-28,MDT,68.579805
1340,2015-04-29,MDT,69.99067
1341,2015-04-30,MDT,72.253478
1342,2015-05-01,MDT,72.05472
1343,2015-05-04,MDT,71.358012
1344,2015-05-05,MDT,72.69752
1345,2015-05-06,MDT,73.170837
1346,2015-05-07,MDT,71.607961
1347,2015-05-08,MDT,71.814808
1348,2015-05-11,MDT,71.697915
1349,2015-05-12,MDT,72.785064
1350,2015-05-13,MDT,72.30355
1351,2015-05-14,MDT,71.820088
1352,2015-05-15,MDT,71.73573
1353,2015-05-18,MDT,71.38744
1354,2015-05-19,MDT,69.96903
1355,2015-05-20,MDT,72.001952
1356,2015-05-21,MDT,73.425618
1357,2015-05-22,MDT,72.351744
1358,2015-05-26,MDT,71.21147
1359,2015-05-27,MDT,71.801235
1360,2015-05-28,MDT,71.979813
1361,2015-05-29,MDT,75.101625
1362,2015-06-01,MDT,75.6012
1363,2015-06-02,MDT,76.15299
1364,2015-06-03,MDT,74.205612
1365,2015-06-04,MDT,72.3666
1366,2015-06-05,MDT,73.822479
1367,2015-06-08,MDT,72.309525
1368,2015-06-09,MDT,74.086755
1369,2015-06-10,MDT,75.270312
1370,2015-06-11,MDT,74.795236
1371,2015-06-12,MDT,73.774784
1372,2015-06-15,MDT,73.358819
1373,2015-06-16,MDT,73.99233
1374,2015-06-17,MDT,73.712612
1375,2015-06-18,MDT,73.754569
1376,2015-06-19,MDT,73.207398
1377,2015-06-22,MDT,73.740288
1378,2015-06-23,MDT,75.256335
1379,2015-06-24,MDT,74.502415
1380,2015-06-25,MDT,73.575773
1381,2015-06-26,MDT,73.424819
1382,2015-06-29,MDT,72.236588
1383,2015-06-30,MDT,74.195352
1384,2015-07-01,MDT,71.026956
1385,2015-07-02,MDT,71.538238
1386,2015-07-06,MDT,66.261248
1387,2015-07-07,MDT,66.66842
1388,2015-07-08,MDT,65.658242
1389,2015-07-09,MDT,67.158204
1390,2015-07-10,MDT,67.05891
1391,2015-07-13,MDT,66.604878
1392,2015-07-14,MDT,67.62814
1393,2015-07-15,MDT,66.49618
1394,2015-07-16,MDT,65.85951
1395,2015-07-17,MDT,66.133824
1396,2015-07-20,MDT,65.052802
1397,2015-07-21,MDT,65.569699
1398,2015-07-22,MDT,64.179102
1399,2015-07-23,MDT,62.68733
1400,2015-07-24,MDT,62.66188
1401,2015-07-27,MDT,61.363453
1402,2015-07-28,MDT,62.044398
1403,2015-07-29,MDT,62.879161
1404,2015-07-30,MDT,63.215178
1405,2015-07-31,MDT,61.464417
1406,2015-08-03,MDT,59.037675
1407,2015-08-04,MDT,60.046875
1408,2015-08-05,MDT,59.494879
1409,2015-08-06,MDT,58.776288
1410,2015-08-07,MDT,57.566214
1411,2015-08-10,MDT,58.673664
1412,2015-08-11,MDT,56.681028
1413,2015-08-12,MDT,56.069306
1414,2015-08-13,MDT,55.280706
1415,2015-08-14,MDT,55.51611
1416,2015-08-17,MDT,54.890563
1417,2015-08-18,MDT,55.664834
1418,2015-08-19,MDT,53.647375
1419,2015-08-20,MDT,53.628
1420,2015-08-21,MDT,53.187705
1421,2015-08-24,MDT,50.500086
1422,2015-08-25,MDT,52.05384
1423,2015-08-26,MDT,51.21655
1424,2015-08-27,MDT,56.047659
1425,2015-08-28,MDT,60.095301
1426,2015-08-31,MDT,65.05716
1427,2015-09-01,MDT,59.806302
1428,2015-09-02,MDT,61.62993
1429,2015-09-03,MDT,61.705325
1430,2015-09-04,MDT,61.082346
1431,2015-09-08,MDT,60.59144
1432,2015-09-09,MDT,58.353099
1433,2015-09-10,MDT,60.609115
1434,2015-09-11,MDT,59.4101
1435,2015-09-14,MDT,58.48089
1436,2015-09-15,MDT,59.126454
1437,2015-09-16,MDT,62.094736
1438,2015-09-17,MDT,61.881898
1439,2015-09-18,MDT,58.780237
1440,2015-09-21,MDT,61.83775
1441,2015-09-22,MDT,61.304526
1442,2015-09-23,MDT,59.291695
1443,2015-09-24,MDT,59.999394
1444,2015-09-25,MDT,60.695375
1445,2015-09-28,MDT,59.32284
1446,2015-09-29,MDT,60.680412
1447,2015-09-30,MDT,60.353364
1448,2015-10-01,MDT,59.25795
1449,2015-10-02,MDT,60.176556
1450,2015-10-05,MDT,60.55738
1451,2015-10-06,MDT,63.360768
1452,2015-10-07,MDT,62.390296
1453,2015-10-08,MDT,64.387028
1454,2015-10-09,MDT,64.302782
1455,2015-10-12,MDT,60.962714
1456,2015-10-13,MDT,60.64462
1457,2015-10-14,MDT,60.535066
1458,2015-10-15,MDT,59.848752
1459,2015-10-16,MDT,61.17309
1460,2015-10-19,MDT,59.673818
1461,2015-10-20,MDT,59.472816
1462,2015-10-21,MDT,59.310552
1463,2015-10-22,MDT,58.76512
1464,2015-10-23,MDT,57.838252
1465,2015-10-26,MDT,56.725746
1466,2015-10-27,MDT,57.214361
1467,2015-10-28,MDT,60.388764
1468,2015-10-29,MDT,60.60834
1469,2015-10-30,MDT,60.96678
1470,2015-11-02,MST,60.39414
1471,2015-11-03,MST,62.751528
1472,2015-11-04,MST,60.975648
1473,2015-11-05,MST,59.607009
1474,2015-11-06,MST,58.981056
1475,2015-11-09,MST,58.237425
1476,2015-11-10,MST,58.644557
1477,2015-11-11,MST,56.947405
1478,2015-11-12,MST,55.543418
1479,2015-11-13,MST,54.247908
1480,2015-11-16,MST,55.655304
1481,2015-11-17,MST,54.268652
1482,2015-11-18,MST,54.413475
1483,2015-11-19,MST,53.797685
1484,2015-11-20,MST,52.538382
1485,2015-11-23,MST,52.452939
1486,2015-11-24,MST,54.416412
1487,2015-11-25,MST,54.826722
1488,2015-11-27,MST,54.20152
1489,2015-11-30,MST,53.905319
1490,2015-12-01,MST,54.263576
1491,2015-12-02,MST,53.34648
1492,2015-12-03,MST,55.022552
1493,2015-12-04,MST,53.46
1494,2015-12-07,MST,50.844112
1495,2015-12-08,MST,50.919378
1496,2015-12-09,MST,50.51902
1497,2015-12-10,MST,49.989924
1498,2015-12-11,MST,48.82624
1499,2015-12-14,MST,49.864523
1500,2015-12-15,MST,51.232896
1501,2015-12-16,MST,49.076775
1502,2015-12-17,MST,48.86706
1503,2015-12-18,MST,48.198304
1504,2015-12-21,MST,48.33545
1505,2015-12-22,MST,50.311548
1506,2015-12-23,MST,50.94936
1507,2015-12-24,MST,52.08489
1508,2015-12-28,MST,50.34042
1509,2015-12-29,MST,52.4638
1510,2015-12-30,MST,50.801556
1511,2015-12-31,MST,51.38792
1512,2016-01-04,MST,51.419889
1513,2016-01-05,MST,50.332821
1514,2016-01-06,MST,47.843348
1515,2016-01-07,MST,46.809069
1516,2016-01-08,MST,46.98132
1517,2016-01-11,MST,44.63211
1518,2016-01-12,MST,43.473222
1519,2016-01-13,MST,43.482348
1520,2016-01-14,MST,44.872506
1521,2016-01-15,MST,42.78496
1522,2016-01-19,MST,41.321358
1523,2016-01-20,MST,38.923452
1524,2016-01-21,MST,42.088065
1525,2016-01-22,MST,45.382257
1526,2016-01-25,MST,43.197812
1527,2016-01-26,MST,41.539148
1528,2016-01-27,MST,45.386976
1529,2016-01-28,MST,46.736433
1530,2016-01-29,MST,47.39328
1531,2016-02-01,MST,44.286972
1532,2016-02-02,MST,41.9796
1533,2016-02-03,MST,44.708734
1534,2016-02-04,MST,43.415338
1535,2016-02-05,MST,42.821336
1536,2016-02-08,MST,41.359291
1537,2016-02-09,MST,38.64072
1538,2016-02-10,MST,38.467872
1539,2016-02-11,MST,36.48267
1540,2016-02-12,MST,40.56422
1541,2016-02-16,MST,40.2633
1542,2016-02-17,MST,41.982512
1543,2016-02-18,MST,42.219517
1544,2016-02-19,MST,40.837159
1545,2016-02-22,MST,42.929845
1546,2016-02-23,MST,43.913728
1547,2016-02-24,MST,41.77981
1548,2016-02-25,MST,42.6255
1549,2016-02-26,MST,42.876255
1550,2016-02-29,MST,44.274302
1551,2016-03-01,MST,46.106673
1552,2016-03-02,MST,46.558876
1553,2016-03-03,MST,46.334592
1554,2016-03-04,MST,47.893167
1555,2016-03-07,MST,50.41079
1556,2016-03-08,MST,49.097463
1557,2016-03-09,MST,49.793832
1558,2016-03-10,MST,50.509821
1559,2016-03-11,MST,50.890965
1560,2016-03-14,MDT,49.44996
1561,2016-03-15,MDT,48.519888
1562,2016-03-16,MDT,51.350166
1563,2016-03-17,MDT,52.156728
1564,2016-03-18,MDT,51.239954
1565,2016-03-21,MDT,52.158379
1566,2016-03-22,MDT,54.096395
1567,2016-03-23,MDT,50.541084
1568,2016-03-24,MDT,50.607966
1569,2016-03-28,MDT,50.086016
1570,2016-03-29,MDT,48.551414
1571,2016-03-30,MDT,47.842742
1572,2016-03-31,MDT,47.914874
1573,2016-04-01,MDT,46.134192
1574,2016-04-04,MDT,44.71348
1575,2016-04-05,MDT,45.46284
1576,2016-04-06,MDT,49.352598
1577,2016-04-07,MDT,49.09799
1578,2016-04-08,MDT,51.64213
1579,2016-04-11,MDT,52.245998
1580,2016-04-12,MDT,53.909388
1581,2016-04-13,MDT,53.34264
1582,2016-04-14,MDT,53.20522
1583,2016-04-15,MDT,51.94632
1584,2016-04-18,MDT,50.92681
1585,2016-04-19,MDT,51.737728
1586,2016-04-20,MDT,53.942544
1587,2016-04-21,MDT,54.88178
1588,2016-04-22,MDT,54.194024
1589,2016-04-25,MDT,52.83756
1590,2016-04-26,MDT,53.634728
1591,2016-04-27,MDT,57.223915
1592,2016-04-28,MDT,57.740032
1593,2016-04-29,MDT,57.700302
1594,2016-05-02,MDT,56.1523
1595,2016-05-03,MDT,55.37439
1596,2016-05-04,MDT,56.393268
1597,2016-05-05,MDT,56.977349
1598,2016-05-06,MDT,57.601818
1599,2016-05-09,MDT,56.45893
1600,2016-05-10,MDT,57.900812
1601,2016-05-11,MDT,59.315156
1602,2016-05-12,MDT,59.969712
1603,2016-05-13,MDT,59.80868
1604,2016-05-16,MDT,61.496764
1605,2016-05-17,MDT,62.221665
1606,2016-05-18,MDT,62.209536
1607,2016-05-19,MDT,63.166656
1608,2016-05-20,MDT,62.619312
1609,2016-05-23,MDT,63.210432
1610,2016-05-24,MDT,63.018872
1611,2016-05-25,MDT,64.2719
1612,2016-05-26,MDT,63.6069
1613,2016-05-27,MDT,64.182808
1614,2016-05-31,MDT,64.321
1615,2016-06-01,MDT,64.237537
1616,2016-06-02,MDT,64.27512
1617,2016-06-03,MDT,63.043812
1618,2016-06-06,MDT,63.907176
1619,2016-06-07,MDT,64.418193
1620,2016-06-08,MDT,65.036485
1621,2016-06-09,MDT,64.317012
1622,2016-06-10,MDT,62.521024
1623,2016-06-13,MDT,62.540088
1624,2016-06-14,MDT,62.236915
1625,2016-06-15,MDT,61.883888
1626,2016-06-16,MDT,60.171174
1627,2016-06-17,MDT,61.8144
1628,2016-06-20,MDT,63.26658
1629,2016-06-21,MDT,62.74411
1630,2016-06-22,MDT,63.02312
1631,2016-06-23,MDT,62.918368
1632,2016-06-24,MDT,60.48584
1633,2016-06-27,MDT,59.89724
1634,2016-06-28,MDT,62.74037
1635,2016-06-29,MDT,64.760135
1636,2016-06-30,MDT,62.794443
1637,2016-07-01,MDT,63.770118
1638,2016-07-05,MDT,60.510677
1639,2016-07-06,MDT,61.604685
1640,2016-07-07,MDT,58.713648
1641,2016-07-08,MDT,59.312201
1642,2016-07-11,MDT,58.717071
1643,2016-07-12,MDT,60.940912
1644,2016-07-13,MDT,58.173955
1645,2016-07-14,MDT,58.94406
1646,2016-07-15,MDT,59.594175
1647,2016-07-18,MDT,58.726632
1648,2016-07-19,MDT,58.161456
1649,2016-07-20,MDT,58.62784
1650,2016-07-21,MDT,57.398572
1651,2016-07-22,MDT,57.205698
1652,2016-07-25,MDT,56.074
1653,2016-07-26,MDT,55.689144
1654,2016-07-27,MDT,55.3918
1655,2016-07-28,MDT,54.16821
1656,2016-07-29,MDT,54.172314
1657,2016-08-01,MDT,52.229205
1658,2016-08-02,MDT,51.70155
1659,2016-08-03,MDT,53.3664
1660,2016-08-04,MDT,54.6008
1661,2016-08-05,MDT,55.13194
1662,2016-08-08,MDT,56.684184
1663,2016-08-09,MDT,56.114526
1664,2016-08-10,MDT,54.5255
1665,2016-08-11,MDT,56.593457
1666,2016-08-12,MDT,57.566415
1667,2016-08-15,MDT,59.079384
1668,2016-08-16,MDT,59.898334
1669,2016-08-17,MDT,60.314685
1670,2016-08-18,MDT,61.5755
1671,2016-08-19,MDT,62.432544
1672,2016-08-22,MDT,60.56856
1673,2016-08-23,MDT,61.336108
1674,2016-08-24,MDT,59.89926
1675,2016-08-25,MDT,60.765089
1676,2016-08-26,MDT,61.679508
1677,2016-08-29,MDT,61.150243
1678,2016-08-30,MDT,60.568032
1679,2016-08-31,MDT,58.638032
1680,2016-09-01,MDT,56.582919
1681,2016-09-02,MDT,57.702561
1682,2016-09-06,MDT,57.600855
1683,2016-09-07,MDT,58.633565
1684,2016-09-08,MDT,61.485567
1685,2016-09-09,MDT,59.795404
1686,2016-09-12,MDT,60.520356
1687,2016-09-13,MDT,59.132997
1688,2016-09-14,MDT,57.530418
1689,2016-09-15,MDT,57.64521
1690,2016-09-16,MDT,56.868752
1691,2016-09-19,MDT,57.126454
1692,2016-09-20,MDT,58.00478
1693,2016-09-21,MDT,59.772138
1694,2016-09-22,MDT,60.10979
1695,2016-09-23,MDT,58.39994
1696,2016-09-26,MDT,60.17832
1697,2016-09-27,MDT,59.15232
1698,2016-09-28,MDT,62.330094
1699,2016-09-29,MDT,62.517972
1700,2016-09-30,MDT,62.594324
1701,2016-10-03,MDT,64.10856
1702,2016-10-04,MDT,64.09839
1703,2016-10-05,MDT,65.56055
1704,2016-10-06,MDT,66.63124
1705,2016-10-07,MDT,66.200704
1706,2016-10-10,MDT,66.200704
1707,2016-10-11,MDT,67.148208
1708,2016-10-12,MDT,66.570878
1709,2016-10-13,MDT,66.716293
1710,2016-10-14,MDT,66.30088
1711,2016-10-17,MDT,65.650586
1712,2016-10-18,MDT,65.91312
1713,2016-10-19,MDT,67.619013
1714,2016-10-20,MDT,66.399138
1715,2016-10-21,MDT,67.432764
1716,2016-10-24,MDT,67.180984
1717,2016-10-25,MDT,65.93663
1718,2016-10-26,MDT,65.13
1719,2016-10-27,MDT,66.541806
1720,2016-10-28,MDT,65.21172
1721,2016-10-31,MDT,62.766249
1722,2016-11-01,MDT,62.426414
1723,2016-11-02,MDT,60.68348
1724,2016-11-03,MDT,59.781876
1725,2016-11-04,MDT,59.106684
1726,2016-11-07,MST,60.062904
1727,2016-11-08,MST,59.963152
1728,2016-11-09,MST,60.60416
1729,2016-11-10,MST,60.12545
1730,2016-11-11,MST,58.468025
1731,2016-11-14,MST,58.796478
1732,2016-11-15,MST,61.764248
1733,2016-11-16,MST,61.123296
1734,2016-11-17,MST,60.927373
1735,2016-11-18,MST,61.768311
1736,2016-11-21,MST,63.798876
1737,2016-11-22,MST,64.625308
1738,2016-11-23,MST,62.93184
1739,2016-11-25,MST,63.137408
1740,2016-11-28,MST,61.188966
1741,2016-11-29,MST,60.847115
1742,2016-11-30,MST,66.337866
1743,2016-12-01,MST,68.094748
1744,2016-12-02,MST,68.75066
1745,2016-12-05,MST,68.642784
1746,2016-12-06,MST,67.666695
1747,2016-12-07,MST,66.06122
1748,2016-12-08,MST,67.215564
1749,2016-12-09,MST,67.807764
1750,2016-12-12,MST,69.30036
1751,2016-12-13,MST,69.52288
1752,2016-12-14,MST,66.940423
1753,2016-12-15,MST,68.19073
1754,2016-12-16,MST,69.264234
1755,2016-12-19,MST,69.838561
1756,2016-12-20,MST,69.859916
1757,2016-12-21,MST,68.934744
1758,2016-12-22,MST,70.006664
1759,2016-12-23,MST,70.395535
1760,2016-12-27,MST,71.49187
1761,2016-12-28,MST,73.215956
1762,2016-12-29,MST,72.56544
1763,2016-12-30,MST,72.170125
1764,2017-01-03,MST,70.361368
1765,2017-01-04,MST,70.798518
1766,2017-01-05,MST,71.062432
1767,2017-01-06,MST,71.339968
1768,2017-01-09,MST,68.68829
1769,2017-01-10,MST,67.123056
1770,2017-01-11,MST,69.057808
1771,2017-01-12,MST,69.60213
1772,2017-01-13,MST,68.77486
1773,2017-01-17,MST,68.4997
1774,2017-01-18,MST,67.360824
1775,2017-01-19,MST,68.497731
1776,2017-01-20,MST,69.802987
1777,2017-01-23,MST,70.126053
1778,2017-01-24,MST,68.890176
1779,2017-01-25,MST,68.17305
1780,2017-01-26,MST,69.765696
1781,2017-01-27,MST,69.708344
1782,2017-01-30,MST,68.908459
1783,2017-01-31,MST,68.73325
1784,2017-02-01,MST,70.54971
1785,2017-02-02,MST,69.716745
1786,2017-02-03,MST,69.974524
1787,2017-02-06,MST,69.533217
1788,2017-02-07,MST,68.718573
1789,2017-02-08,MST,68.903209
1790,2017-02-09,MST,69.634159
1791,2017-02-10,MST,70.390416
1792,2017-02-13,MST,69.224016
1793,2017-02-14,MST,69.667853
1794,2017-02-15,MST,69.489124
1795,2017-02-16,MST,69.742778
1796,2017-02-17,MST,70.052556
1797,2017-02-21,MST,71.030898
1798,2017-02-22,MST,70.695507
1799,2017-02-23,MST,71.417832
1800,2017-02-24,MST,70.748496
1801,2017-02-27,MST,70.797804
1802,2017-02-28,MST,71.5392
1803,2017-03-01,MST,71.828172
1804,2017-03-02,MST,70.439992
1805,2017-03-03,MST,71.563527
1806,2017-03-06,MST,71.32779
1807,2017-03-07,MST,70.659684
1808,2017-03-08,MST,67.175823
1809,2017-03-09,MST,65.836875
1810,2017-03-10,MST,64.718545
1811,2017-03-13,MDT,64.507135
1812,2017-03-14,MDT,63.599212
1813,2017-03-15,MDT,65.022134
1814,2017-03-16,MDT,64.31628
1815,2017-03-17,MDT,64.625746
1816,2017-03-20,MDT,63.833103
1817,2017-03-21,MDT,62.63064
1818,2017-03-22,MDT,63.117963
1819,2017-03-23,MDT,62.6651
1820,2017-03-24,MDT,63.25429
1821,2017-03-27,MDT,62.856336
1822,2017-03-28,MDT,64.623468
1823,2017-03-29,MDT,66.151284
1824,2017-03-30,MDT,66.79337
1825,2017-03-31,MDT,67.329388
1826,2017-04-03,MDT,67.279725
1827,2017-04-04,MDT,68.403085
1828,2017-04-05,MDT,68.583854
1829,2017-04-06,MDT,69.311121
1830,2017-04-07,MDT,69.999325
1831,2017-04-10,MDT,70.819182
1832,2017-04-11,MDT,71.18223
1833,2017-04-12,MDT,70.660224
1834,2017-04-13,MDT,70.556535
1835,2017-04-17,MDT,69.863574
1836,2017-04-18,MDT,70.196726
1837,2017-04-19,MDT,68.004981
1838,2017-04-20,MDT,67.75048
1839,2017-04-21,MDT,67.028892
1840,2017-04-24,MDT,66.09324
1841,2017-04-25,MDT,67.01303
1842,2017-04-26,MDT,66.899824
1843,2017-04-27,MDT,66.913632
1844,2017-04-28,MDT,67.382115
1845,2017-05-01,MDT,66.70178
1846,2017-05-02,MDT,65.3758
1847,2017-05-03,MDT,65.539206
1848,2017-05-04,MDT,62.599365
1849,2017-05-05,MDT,63.390576
1850,2017-05-08,MDT,63.67343
1851,2017-05-09,MDT,62.929152
1852,2017-05-10,MDT,64.641216
1853,2017-05-11,MDT,65.533167
1854,2017-05-12,MDT,65.594062
1855,2017-05-15,MDT,66.649926
1856,2017-05-16,MDT,66.130944
1857,2017-05-17,MDT,66.763056
1858,2017-05-18,MDT,67.183896
1859,2017-05-19,MDT,68.153408
1860,2017-05-22,MDT,68.817064
1861,2017-05-23,MDT,68.96088
1862,2017-05-24,MDT,68.63254
1863,2017-05-25,MDT,65.341221
1864,2017-05-26,MDT,66.714848
1865,2017-05-30,MDT,66.846647
1866,2017-05-31,MDT,65.1915
1867,2017-06-01,MDT,65.232
1868,2017-06-02,MDT,64.387072
1869,2017-06-05,MDT,63.90942
1870,2017-06-06,MDT,64.787793
1871,2017-06-07,MDT,61.79336
1872,2017-06-08,MDT,61.681704
1873,2017-06-09,MDT,61.641646
1874,2017-06-12,MDT,61.84315
1875,2017-06-13,MDT,61.437558
1876,2017-06-14,MDT,59.163111
1877,2017-06-15,MDT,59.069501
1878,2017-06-16,MDT,59.186736
1879,2017-06-19,MDT,58.48528
1880,2017-06-20,MDT,57.499178
1881,2017-06-21,MDT,56.54088
1882,2017-06-22,MDT,56.313973
1883,2017-06-23,MDT,56.866648
1884,2017-06-26,MDT,57.241112
1885,2017-06-27,MDT,58.3569
1886,2017-06-28,MDT,58.43044
1887,2017-06-29,MDT,58.41132
1888,2017-06-30,MDT,59.720154
1889,2017-07-05,MDT,58.561802
1890,2017-07-06,MDT,58.930192
1891,2017-07-07,MDT,57.024975
1892,2017-07-10,MDT,57.22272
1893,2017-07-11,MDT,58.21752
1894,2017-07-12,MDT,58.187112
1895,2017-07-13,MDT,58.694258
1896,2017-07-14,MDT,58.962816
1897,2017-07-17,MDT,58.302738
1898,2017-07-18,MDT,58.59392
1899,2017-07-19,MDT,59.32245
1900,2017-07-20,MDT,58.809705
1901,2017-07-21,MDT,57.449322
1902,2017-07-24,MDT,57.817952
1903,2017-07-25,MDT,59.745939
1904,2017-07-26,MDT,60.74929
1905,2017-07-27,MDT,61.4106
1906,2017-07-28,MDT,61.886484
1907,2017-07-31,MDT,62.687185
1908,2017-08-01,MDT,61.556366
1909,2017-08-02,MDT,62.2976
1910,2017-08-03,MDT,61.669934
1911,2017-08-04,MDT,62.646566
1912,2017-08-07,MDT,62.393806
1913,2017-08-08,MDT,62.181504
1914,2017-08-09,MDT,63.004095
1915,2017-08-10,MDT,61.699194
1916,2017-08-11,MDT,61.915485
1917,2017-08-14,MDT,60.463095
1918,2017-08-15,MDT,60.675535
1919,2017-08-16,MDT,59.43132
1920,2017-08-17,MDT,59.529429
1921,2017-08-18,MDT,61.155374
1922,2017-08-21,MDT,59.592925
1923,2017-08-22,MDT,59.81028
1924,2017-08-23,MDT,60.87258
1925,2017-08-24,MDT,59.186996
1926,2017-08-25,MDT,59.52438
1927,2017-08-28,MDT,57.91648
1928,2017-08-29,MDT,58.14469
1929,2017-08-30,MDT,57.93258
1930,2017-08-31,MDT,59.245136
1931,2017-09-01,MDT,58.62948
1932,2017-09-05,MDT,60.160173
1933,2017-09-06,MDT,60.253032
1934,2017-09-07,MDT,59.64668
1935,2017-09-08,MDT,57.554208
1936,2017-09-11,MDT,58.287168
1937,2017-09-12,MDT,58.618539
1938,2017-09-13,MDT,60.08191
1939,2017-09-14,MDT,60.819228
1940,2017-09-15,MDT,60.78818
1941,2017-09-18,MDT,61.043144
1942,2017-09-19,MDT,60.820258
1943,2017-09-20,MDT,61.720917
1944,2017-09-21,MDT,62.410662
1945,2017-09-22,MDT,61.991461
1946,2017-09-25,MDT,63.988085
1947,2017-09-26,MDT,63.81683
1948,2017-09-27,MDT,64.716168
1949,2017-09-28,MDT,64.2669
1950,2017-09-29,MDT,64.48416
1951,2017-10-02,MDT,63.262795
1952,2017-10-03,MDT,63.05
1953,2017-10-04,MDT,62.395
1954,2017-10-05,MDT,63.731292
1955,2017-10-06,MDT,61.916766
1956,2017-10-09,MDT,62.217942
1957,2017-10-10,MDT,63.667593
1958,2017-10-11,MDT,64.11474
1959,2017-10-12,MDT,63.120792
1960,2017-10-13,MDT,64.220641
1961,2017-10-16,MDT,64.975394
1962,2017-10-17,MDT,65.086476
1963,2017-10-18,MDT,64.98963
1964,2017-10-19,MDT,63.999662
1965,2017-10-20,MDT,65.058963
1966,2017-10-23,MDT,65.635004
1967,2017-10-24,MDT,66.268512
1968,2017-10-25,MDT,66.370887
1969,2017-10-26,MDT,67.247271
1970,2017-10-27,MDT,69.416608
1971,2017-10-30,MDT,69.461007
1972,2017-10-31,MDT,70.086348
1973,2017-11-01,MDT,69.99132
1974,2017-11-02,MDT,69.94401
1975,2017-11-03,MDT,71.006132
1976,2017-11-06,MST,73.085564
1977,2017-11-07,MST,73.117415
1978,2017-11-08,MST,72.326178
1979,2017-11-09,MST,72.547472
1980,2017-11-10,MST,71.976025
1981,2017-11-13,MST,72.001391
1982,2017-11-14,MST,70.884611
1983,2017-11-15,MST,70.609144
1984,2017-11-16,MST,70.27593
1985,2017-11-17,MST,71.853243
1986,2017-11-20,MST,71.909453
1987,2017-11-21,MST,72.630152
1988,2017-11-22,MST,73.675452
1989,2017-11-24,MST,74.900952
1990,2017-11-27,MST,73.99035
1991,2017-11-28,MST,74.229372
1992,2017-11-29,MST,73.583425
1993,2017-11-30,MST,73.97712
1994,2017-12-01,MST,74.273715
1995,2017-12-04,MST,72.97086
1996,2017-12-05,MST,73.11288
1997,2017-12-06,MST,71.171303
1998,2017-12-07,MST,72.56295
1999,2017-12-08,MST,73.4949
2000,2017-12-11,MST,74.347536
2001,2017-12-12,MST,73.519152
2002,2017-12-13,MST,72.729468
2003,2017-12-14,MST,72.9885
2004,2017-12-15,MST,73.525986
2005,2017-12-18,MST,73.549205
2006,2017-12-19,MST,74.081614
2007,2017-12-20,MST,74.599178
2008,2017-12-21,MST,74.290156
2009,2017-12-22,MST,74.321175
2010,2017-12-26,MST,75.979845
2011,2017-12-27,MST,75.428847
2012,2017-12-28,MST,75.326592
2013,2017-12-29,MST,75.84707
2014,2018-01-02,MST,75.565129
2015,2018-01-03,MST,77.215813
2016,2018-01-04,MST,77.56797
2017,2018-01-05,MST,76.266047
2018,2018-01-08,MST,76.681006
2019,2018-01-09,MST,78.360568
2020,2018-01-10,MST,79.47456
2021,2018-01-11,MST,79.985835
2022,2018-01-12,MST,80.300688
2023,2018-01-16,MST,79.258058
2024,2018-01-17,MST,79.4206
2025,2018-01-18,MST,79.604616
2026,2018-01-19,MST,78.965142
2027,2018-01-22,MST,79.307628
2028,2018-01-23,MST,80.26603
2029,2018-01-24,MST,81.068029
2030,2018-01-25,MST,80.863526
2031,2018-01-26,MST,81.651267
2032,2018-01-29,MST,81.053285
2033,2018-01-30,MST,79.688192
2034,2018-01-31,MST,79.683226
2035,2018-02-01,MST,81.002496
2036,2018-02-02,MST,81.089
2037,2018-02-05,MST,80.115894
2038,2018-02-06,MST,79.54044
2039,2018-02-07,MST,77.672286
2040,2018-02-08,MST,77.14605
2041,2018-02-09,MST,74.64528
2042,2018-02-12,MST,74.874423
2043,2018-02-13,MST,74.7558
2044,2018-02-14,MST,76.25134
2045,2018-02-15,MST,76.893036
2046,2018-02-16,MST,77.61006
2047,2018-02-20,MST,78.142802
2048,2018-02-21,MST,78.218083
2049,2018-02-22,MST,79.710848
2050,2018-02-23,MST,80.467136
2051,2018-02-26,MST,80.949366
2052,2018-02-27,MST,80.18556
2053,2018-02-28,MST,78.685687
2054,2018-03-01,MST,78.365398
2055,2018-03-02,MST,78.880029
2056,2018-03-05,MST,81.093273
2057,2018-03-06,MST,80.664092
2058,2018-03-07,MST,79.093223
2059,2018-03-08,MST,77.730051
2060,2018-03-09,MST,79.63368
2061,2018-03-12,MDT,78.71205
2062,2018-03-13,MDT,78.362928
2063,2018-03-14,MDT,78.816016
2064,2018-03-15,MDT,79.703712
2065,2018-03-16,MDT,81.525152
2066,2018-03-19,MDT,81.102879
2067,2018-03-20,MDT,82.868949
2068,2018-03-21,MDT,84.35658
2069,2018-03-22,MDT,82.9339
2070,2018-03-23,MDT,84.59248
2071,2018-03-26,MDT,84.390414
2072,2018-03-27,MDT,83.918749
2073,2018-03-28,MDT,82.95986
2074,2018-03-29,MDT,83.643378
2075,2018-04-02,MDT,81.38494
2076,2018-04-03,MDT,81.240892
2077,2018-04-04,MDT,81.145015
2078,2018-04-05,MDT,81.165928
2079,2018-04-06,MDT,79.175092
2080,2018-04-09,MDT,80.70186
2081,2018-04-10,MDT,82.622664
2082,2018-04-11,MDT,84.073704
2083,2018-04-12,MDT,84.481372
2084,2018-04-13,MDT,84.840795
2085,2018-04-16,MDT,83.310717
2086,2018-04-17,MDT,83.4708
2087,2018-04-18,MDT,86.330216
2088,2018-04-19,MDT,86.28339
2089,2018-04-20,MDT,86.881328
2090,2018-04-23,MDT,86.763913
2091,2018-04-24,MDT,86.794248
2092,2018-04-25,MDT,87.5092
2093,2018-04-26,MDT,87.693116
2094,2018-04-27,MDT,87.569027
2095,2018-04-30,MDT,88.003616
2096,2018-05-01,MDT,86.569176
2097,2018-05-02,MDT,87.271141
2098,2018-05-03,MDT,88.04039
2099,2018-05-04,MDT,89.654031
2100,2018-05-07,MDT,90.999936
2101,2018-05-08,MDT,89.224329
2102,2018-05-09,MDT,91.483296
2103,2018-05-10,MDT,91.1624
2104,2018-05-11,MDT,90.334751
2105,2018-05-14,MDT,90.715275
2106,2018-05-15,MDT,91.857384
2107,2018-05-16,MDT,91.494687
2108,2018-05-17,MDT,91.488747
2109,2018-05-18,MDT,91.74424
2110,2018-05-21,MDT,93.07088
2111,2018-05-22,MDT,92.174274
2112,2018-05-23,MDT,92.51406
2113,2018-05-24,MDT,91.229607
2114,2018-05-25,MDT,88.119408
2115,2018-05-29,MDT,86.9736
2116,2018-05-30,MDT,88.009128
2117,2018-05-31,MDT,86.725704
2118,2018-06-01,MDT,85.316084
2119,2018-06-04,MDT,83.721728
2120,2018-06-05,MDT,85.117143
2121,2018-06-06,MDT,83.611675
2122,2018-06-07,MDT,85.563312
2123,2018-06-08,MDT,85.251074
2124,2018-06-11,MDT,85.88373
2125,2018-06-12,MDT,86.320552
2126,2018-06-13,MDT,86.539044
2127,2018-06-14,MDT,87.330932
2128,2018-06-15,MDT,85.663677
2129,2018-06-18,MDT,87.053928
2130,2018-06-19,MDT,86.413484
2131,2018-06-20,MDT,87.680192
2132,2018-06-21,MDT,87.42008
2133,2018-06-22,MDT,91.851816
2134,2018-06-25,MDT,93.001273
2135,2018-06-26,MDT,100.101038
2136,2018-06-27,MDT,103.009487
2137,2018-06-28,MDT,97.446115
2138,2018-06-29,MDT,97.614384
2139,2018-07-02,MDT,97.298352
2140,2018-07-03,MDT,97.589526
2141,2018-07-05,MDT,95.907345
2142,2018-07-06,MDT,96.68869
2143,2018-07-09,MDT,96.826121
2144,2018-07-10,MDT,97.269375
2145,2018-07-11,MDT,92.675097
2146,2018-07-12,MDT,92.530648
2147,2018-07-13,MDT,93.553613
2148,2018-07-16,MDT,89.620614
2149,2018-07-17,MDT,89.711161
2150,2018-07-18,MDT,90.817112
2151,2018-07-19,MDT,92.01621
2152,2018-07-20,MDT,92.401402
2153,2018-07-23,MDT,89.32924
2154,2018-07-24,MDT,93.112089
2155,2018-07-25,MDT,93.094944
2156,2018-07-26,MDT,93.532335
2157,2018-07-27,MDT,89.683692
2158,2018-07-30,MDT,92.696499
2159,2018-07-31,MDT,90.962796
2160,2018-08-01,MDT,89.45376
2161,2018-08-02,MDT,89.73153
2162,2018-08-03,MDT,88.920567
2163,2018-08-06,MDT,89.595683
2164,2018-08-07,MDT,90.080091
2165,2018-08-08,MDT,87.343984
2166,2018-08-09,MDT,87.12024
2167,2018-08-10,MDT,88.656993
2168,2018-08-13,MDT,88.3396
2169,2018-08-14,MDT,87.735248
2170,2018-08-15,MDT,85.488966
2171,2018-08-16,MDT,86.066688
2172,2018-08-17,MDT,86.243033
2173,2018-08-20,MDT,86.88225
2174,2018-08-21,MDT,87.758352
2175,2018-08-22,MDT,88.31356
2176,2018-08-23,MDT,90.304519
2177,2018-08-24,MDT,90.873956
2178,2018-08-27,MDT,90.863042
2179,2018-08-28,MDT,88.533118
2180,2018-08-29,MDT,90.103208
2181,2018-08-30,MDT,91.1845
2182,2018-08-31,MDT,91.17612
2183,2018-09-04,MDT,92.036724
2184,2018-09-05,MDT,90.567765
2185,2018-09-06,MDT,89.427828
2186,2018-09-07,MDT,89.159772
2187,2018-09-10,MDT,88.916065
2188,2018-09-11,MDT,91.053989
2189,2018-09-12,MDT,91.579518
2190,2018-09-13,MDT,89.15942
2191,2018-09-14,MDT,89.901634
2192,2018-09-17,MDT,89.648834
2193,2018-09-18,MDT,90.775104
2194,2018-09-19,MDT,92.027276
2195,2018-09-20,MDT,91.328685
2196,2018-09-21,MDT,91.44528
2197,2018-09-24,MDT,94.723005
2198,2018-09-25,MDT,95.03832
2199,2018-09-26,MDT,93.70545
2200,2018-09-27,MDT,94.15881
2201,2018-09-28,MDT,94.70562
2202,2018-10-01,MDT,96.496211
2203,2018-10-02,MDT,96.332572
2204,2018-10-03,MDT,98.03648
2205,2018-10-04,MDT,96.0276
2206,2018-10-05,MDT,96.062736
2207,2018-10-08,MDT,96.075672
2208,2018-10-09,MDT,97.172675
2209,2018-10-10,MDT,95.075456
2210,2018-10-11,MDT,92.530686
2211,2018-10-12,MDT,93.054371
2212,2018-10-15,MDT,93.341712
2213,2018-10-16,MDT,93.063034
2214,2018-10-17,MDT,90.477222
2215,2018-10-18,MDT,89.610191
2216,2018-10-19,MDT,90.627264
2217,2018-10-22,MDT,90.752125
2218,2018-10-23,MDT,87.088602
2219,2018-10-24,MDT,86.721024
2220,2018-10-25,MDT,87.9361
2221,2018-10-26,MDT,88.583864
2222,2018-10-29,MDT,87.8973
2223,2018-10-30,MDT,86.914194
2224,2018-10-31,MDT,85.830402
2225,2018-11-01,MDT,83.331296
2226,2018-11-02,MDT,82.71876
2227,2018-11-05,MST,82.661952
2228,2018-11-06,MST,81.61608
2229,2018-11-07,MST,80.789224
2230,2018-11-08,MST,79.615094
2231,2018-11-09,MST,79.486914
2232,2018-11-12,MST,79.03791
2233,2018-11-13,MST,73.659683
2234,2018-11-14,MST,74.32776
2235,2018-11-15,MST,74.52529
2236,2018-11-16,MST,74.306946
2237,2018-11-19,MST,75.348312
2238,2018-11-20,MST,70.789801
2239,2018-11-21,MST,72.20207
2240,2018-11-26,MST,68.08158
2241,2018-11-27,MST,68.185859
2242,2018-11-28,MST,66.589812
2243,2018-11-29,MST,68.31315
2244,2018-11-30,MST,67.542478
2245,2018-12-03,MST,69.885918
2246,2018-12-04,MST,70.338299
2247,2018-12-05,MST,70.290192
2248,2018-12-06,MST,69.084216
2249,2018-12-07,MST,70.165524
2250,2018-12-10,MST,68.326553
2251,2018-12-11,MST,69.22133
2252,2018-12-12,MST,68.117984
2253,2018-12-13,MST,70.388571
2254,2018-12-14,MST,68.580754
2255,2018-12-17,MST,66.72702
2256,2018-12-18,MST,62.049848
2257,2018-12-19,MST,64.5062
2258,2018-12-20,MST,61.59118
2259,2018-12-21,MST,61.562508
2260,2018-12-26,MST,62.563756
2261,2018-12-27,MST,60.675168
2262,2018-12-28,MST,61.57557
2263,2019-01-02,MST,62.9816
2264,2019-01-03,MST,63.346692
2265,2019-01-04,MST,64.04616
2266,2019-01-07,MST,64.261851
2267,2019-01-08,MST,65.906694
2268,2019-01-09,MST,69.000399
2269,2019-01-10,MST,69.372628
2270,2019-01-11,MST,68.204296
2271,2019-01-14,MST,66.756339
2272,2019-01-15,MST,68.71788
2273,2019-01-16,MST,68.995584
2274,2019-01-17,MST,68.902802
2275,2019-01-18,MST,71.0736
2276,2019-01-22,MST,70.15506
2277,2019-01-23,MST,69.996912
2278,2019-01-24,MST,70.680194
2279,2019-01-25,MST,70.959368
2280,2019-01-28,MST,68.67354
2281,2019-01-29,MST,70.402662
2282,2019-01-30,MST,71.474256
2283,2019-01-31,MST,70.767296
2284,2019-02-01,MST,72.402255
2285,2019-02-04,MST,71.634039
2286,2019-02-05,MST,70.516446
2287,2019-02-06,MST,71.14686
2288,2019-02-07,MST,69.98538
2289,2019-02-08,MST,69.99925
2290,2019-02-11,MST,69.700442
2291,2019-02-12,MST,70.399872
2292,2019-02-13,MST,71.28416
2293,2019-02-14,MST,72.34112
2294,2019-02-15,MST,73.732428
2295,2019-02-19,MST,74.291656
2296,2019-02-20,MST,74.93161
2297,2019-02-21,MST,75.15122
2298,2019-02-22,MST,75.099273
2299,2019-02-25,MST,72.878568
2300,2019-02-26,MST,73.1003
2301,2019-02-27,MST,74.82134
2302,2019-02-28,MST,75.339849
2303,2019-03-01,MST,73.93776
2304,2019-03-04,MST,75.37422
2305,2019-03-05,MST,75.465975
2306,2019-03-06,MST,75.44724
2307,2019-03-07,MST,76.05908
2308,2019-03-08,MST,74.854494
2309,2019-03-11,MDT,76.178106
2310,2019-03-12,MDT,76.107442
2311,2019-03-13,MDT,77.650602
2312,2019-03-14,MDT,78.082893
2313,2019-03-15,MDT,78.064042
2314,2019-03-18,MDT,78.855605
2315,2019-03-19,MDT,78.582304
2316,2019-03-20,MDT,80.061804
2317,2019-03-21,MDT,80.169268
2318,2019-03-22,MDT,78.950557
2319,2019-03-25,MDT,78.78882
2320,2019-03-26,MDT,80.141982
2321,2019-03-27,MDT,79.665746
2322,2019-03-28,MDT,79.620541
2323,2019-03-29,MDT,80.431897
2324,2019-04-01,MDT,82.142583
2325,2019-04-02,MDT,83.440032
2326,2019-04-03,MDT,83.221704
2327,2019-04-04,MDT,82.973684
2328,2019-04-05,MDT,84.46566
2329,2019-04-08,MDT,85.773025
2330,2019-04-09,MDT,85.28898
2331,2019-04-10,MDT,86.112612
2332,2019-04-11,MDT,85.097458
2333,2019-04-12,MDT,85.118994
2334,2019-04-15,MDT,84.704422
2335,2019-04-16,MDT,85.523761
2336,2019-04-17,MDT,84.978168
2337,2019-04-18,MDT,85.671564
2338,2019-04-22,MDT,87.675798
2339,2019-04-23,MDT,88.900704
2340,2019-04-24,MDT,88.8811
2341,2019-04-25,MDT,88.014839
2342,2019-04-26,MDT,85.18834
2343,2019-04-29,MDT,85.297584
2344,2019-04-30,MDT,85.679009
2345,2019-05-01,MDT,85.25868
2346,2019-05-02,MDT,83.12785
2347,2019-05-03,MDT,83.232942
2348,2019-05-06,MDT,83.83088
2349,2019-05-07,MDT,82.756116
2350,2019-05-08,MDT,83.664258
2351,2019-05-09,MDT,83.028314
2352,2019-05-10,MDT,82.72197
2353,2019-05-13,MDT,82.047329
2354,2019-05-14,MDT,83.265358
2355,2019-05-15,MDT,83.436553
2356,2019-05-16,MDT,84.571627
2357,2019-05-17,MDT,84.538636
2358,2019-05-20,MDT,85.010016
2359,2019-05-21,MDT,84.528726
2360,2019-05-22,MDT,82.36422
2361,2019-05-23,MDT,77.70067
2362,2019-05-24,MDT,78.53048
2363,2019-05-28,MDT,79.393007
2364,2019-05-29,MDT,79.516376
2365,2019-05-30,MDT,76.240147
2366,2019-05-31,MDT,72.355923
2367,2019-06-03,MDT,71.72775
2368,2019-06-04,MDT,71.7649
2369,2019-06-05,MDT,69.108957
2370,2019-06-06,MDT,70.354902
2371,2019-06-07,MDT,71.661785
2372,2019-06-10,MDT,70.752911
2373,2019-06-11,MDT,70.77174
2374,2019-06-12,MDT,68.018239
2375,2019-06-13,MDT,69.791112
2376,2019-06-14,MDT,70.231095
2377,2019-06-17,MDT,69.635958
2378,2019-06-18,MDT,72.140084
2379,2019-06-19,MDT,71.705282
2380,2019-06-20,MDT,75.030408
2381,2019-06-21,MDT,75.77082
2382,2019-06-24,MDT,76.168962
2383,2019-06-25,MDT,75.921762
2384,2019-06-26,MDT,77.69021
2385,2019-06-27,MDT,77.590898
2386,2019-06-28,MDT,76.16634
2387,2019-07-01,MDT,77.095517
2388,2019-07-02,MDT,73.4384
2389,2019-07-03,MDT,74.594538
2390,2019-07-08,MDT,75.019535
2391,2019-07-09,MDT,75.572139
2392,2019-07-10,MDT,78.918576
2393,2019-07-11,MDT,78.334503
2394,2019-07-12,MDT,78.214962
2395,2019-07-15,MDT,77.32127
2396,2019-07-16,MDT,74.970688
2397,2019-07-17,MDT,73.74945
2398,2019-07-18,MDT,71.984052
2399,2019-07-19,MDT,72.439482
2400,2019-07-22,MDT,73.206461
2401,2019-07-23,MDT,74.357436
2402,2019-07-24,MDT,73.43583
2403,2019-07-25,MDT,73.459848
2404,2019-07-26,MDT,73.871928
2405,2019-07-29,MDT,74.808915
2406,2019-07-30,MDT,76.427072
2407,2019-07-31,MDT,76.955244
2408,2019-08-01,MDT,70.895988
2409,2019-08-02,MDT,73.623575
2410,2019-08-05,MDT,72.248175
2411,2019-08-06,MDT,71.03608
2412,2019-08-07,MDT,68.128708
2413,2019-08-08,MDT,69.73182
2414,2019-08-09,MDT,71.935461
2415,2019-08-12,MDT,72.760532
2416,2019-08-13,MDT,75.51138
2417,2019-08-14,MDT,73.423476
2418,2019-08-15,MDT,72.634575
2419,2019-08-16,MDT,72.847138
2420,2019-08-19,MDT,74.787952
2421,2019-08-20,MDT,74.848614
2422,2019-08-21,MDT,73.89207
2423,2019-08-22,MDT,73.550169
2424,2019-08-23,MDT,71.98048
2425,2019-08-26,MDT,71.095766
2426,2019-08-27,MDT,72.955233
2427,2019-08-28,MDT,74.166376
2428,2019-08-29,MDT,75.348432
2429,2019-08-30,MDT,73.215565
2430,2019-09-03,MDT,71.932113
2431,2019-09-04,MDT,74.564586
2432,2019-09-05,MDT,74.513324
2433,2019-09-06,MDT,74.36723
2434,2019-09-09,MDT,76.14114
2435,2019-09-10,MDT,75.458761
2436,2019-09-11,MDT,73.365446
2437,2019-09-12,MDT,72.799165
2438,2019-09-13,MDT,72.595332
2439,2019-09-16,MDT,83.59488
2440,2019-09-17,MDT,78.560982
2441,2019-09-18,MDT,77.223949
2442,2019-09-19,MDT,77.154121
2443,2019-09-20,MDT,76.8888
2444,2019-09-23,MDT,77.88163
2445,2019-09-24,MDT,75.810778
2446,2019-09-25,MDT,74.81626
2447,2019-09-26,MDT,74.57424
2448,2019-09-27,MDT,74.128155
2449,2019-09-30,MDT,71.631387
2450,2019-10-01,MDT,70.98784
2451,2019-10-02,MDT,70.019498
2452,2019-10-03,MDT,69.86253
2453,2019-10-04,MDT,70.367028
2454,2019-10-07,MDT,70.202456
2455,2019-10-08,MDT,70.132272
2456,2019-10-09,MDT,70.124212
2457,2019-10-10,MDT,71.215958
2458,2019-10-11,MDT,72.272248
2459,2019-10-14,MDT,70.701686
2460,2019-10-15,MDT,69.767291
2461,2019-10-16,MDT,70.519742
2462,2019-10-17,MDT,70.827627
2463,2019-10-18,MDT,70.5845
2464,2019-10-21,MDT,69.775488
2465,2019-10-22,MDT,70.982574
2466,2019-10-23,MDT,73.15074
2467,2019-10-24,MDT,73.363825
2468,2019-10-25,MDT,73.837728
2469,2019-10-28,MDT,72.59136
2470,2019-10-29,MDT,72.35705
2471,2019-10-30,MDT,72.13872
2472,2019-10-31,MDT,71.09032
2473,2019-11-01,MDT,73.731828
2474,2019-11-04,MST,74.062684
2475,2019-11-05,MST,75.024712
2476,2019-11-06,MST,74.000085
2477,2019-11-07,MST,74.984616
2478,2019-11-08,MST,75.397546
2479,2019-11-12,MST,74.963076
2480,2019-11-13,MST,75.360312
2481,2019-11-14,MST,75.000506
2482,2019-11-15,MST,76.131174
2483,2019-11-18,MST,75.081948
2484,2019-11-19,MST,72.710841
2485,2019-11-20,MST,75.446984
2486,2019-11-21,MST,77.53126
2487,2019-11-22,MST,76.639416
2488,2019-11-25,MST,76.901153
2489,2019-11-26,MST,77.4026
2490,2019-11-27,MST,77.171736
2491,2019-11-29,MST,77.235668
2492,2019-12-02,MST,74.423309
2493,2019-12-03,MST,74.69073
2494,2019-12-04,MST,77.301658
2495,2019-12-05,MST,76.962508
2496,2019-12-06,MST,78.4696
2497,2019-12-09,MST,78.073265
2498,2019-12-10,MST,78.365826
2499,2019-12-11,MST,77.542674
2500,2019-12-12,MST,78.011076
2501,2019-12-13,MST,79.243013
2502,2019-12-16,MST,79.127982
2503,2019-12-17,MST,80.11808
2504,2019-12-18,MST,79.934067
2505,2019-12-19,MST,80.43786
2506,2019-12-20,MST,79.550052
2507,2019-12-23,MST,79.63116
2508,2019-12-24,MST,80.481369
2509,2019-12-26,MST,81.205004
2510,2019-12-27,MST,80.769728
2511,2019-12-30,MST,80.521794
2512,2019-12-31,MST,79.408632
2513,2020-01-02,MST,79.472064
2514,2020-01-03,MST,81.8244
2515,2020-01-06,MST,82.06119
2516,2020-01-07,MST,81.56643
2517,2020-01-08,MST,77.70009
2518,2020-01-09,MST,77.898524
2519,2020-01-10,MST,77.027002
2520,2020-01-13,MST,75.900216
2521,2020-01-14,MST,76.203708
2522,2020-01-15,MST,75.5073
2523,2020-01-16,MST,76.33934
2524,2020-01-17,MST,76.47801
2525,2020-01-21,MST,76.115275
2526,2020-01-22,MST,74.446416
2527,2020-01-23,MST,72.956793
2528,2020-01-24,MST,71.07426
2529,2020-01-27,MST,69.983238
2530,2020-01-28,MST,70.283607
2531,2020-01-29,MST,70.321484
2532,2020-01-30,MST,68.979523
2533,2020-01-31,MST,68.255814
2534,2020-02-03,MST,66.45465
2535,2020-02-04,MST,65.845602
2536,2020-02-05,MST,67.601143
2537,2020-02-06,MST,67.69926
2538,2020-02-07,MST,66.97737
2539,2020-02-10,MST,66.048921
2540,2020-02-11,MST,66.46
2541,2020-02-12,MST,67.767702
2542,2020-02-13,MST,68.149096
2543,2020-02-14,MST,68.934547
2544,2020-02-18,MST,69.07418
2545,2020-02-19,MST,70.534461
2546,2020-02-20,MST,71.266758
2547,2020-02-21,MST,70.563264
2548,2020-02-24,MST,68.200944
2549,2020-02-25,MST,66.112818
2550,2020-02-26,MST,64.765169
2551,2020-02-27,MST,63.023837
2552,2020-02-28,MST,60.202207
2553,2020-03-02,MST,62.479368
2554,2020-03-03,MST,63.166901
2555,2020-03-04,MST,62.647776
2556,2020-03-05,MST,61.57485
2557,2020-03-06,MST,55.213994
2558,2020-03-09,MDT,42.22179
2559,2020-03-10,MDT,47.330757
2560,2020-03-11,MDT,45.537185
2561,2020-03-12,MDT,43.61592
2562,2020-03-13,MDT,44.093972
2563,2020-03-16,MDT,40.439744
2564,2020-03-17,MDT,38.2158
2565,2020-03-18,MDT,29.687808
2566,2020-03-19,MDT,36.367955
2567,2020-03-20,MDT,27.918736
2568,2020-03-23,MDT,33.786506
2569,2020-03-24,MDT,30.474573
2570,2020-03-25,MDT,29.67665
2571,2020-03-26,MDT,23.36782
2572,2020-03-27,MDT,21.758688
2573,2020-03-30,MDT,19.95996
2574,2020-03-31,MDT,29.097537
2575,2020-04-01,MDT,28.832076
2576,2020-04-02,MDT,35.702722
2577,2020-04-03,MDT,40.106712
2578,2020-04-06,MDT,37.026867
2579,2020-04-07,MDT,32.923044
2580,2020-04-08,MDT,35.042898
2581,2020-04-09,MDT,32.02565
2582,2020-04-13,MDT,31.160896
2583,2020-04-14,MDT,28.01656
2584,2020-04-15,MDT,28.115656
2585,2020-04-16,MDT,27.989804
2586,2020-04-17,MDT,25.701747
2587,2020-04-20,MDT,-52.090028
2588,2020-04-21,MDT,12.654873
2589,2020-04-22,MDT,19.30742
2590,2020-04-23,MDT,21.178878
2591,2020-04-24,MDT,22.52991
2592,2020-04-27,MDT,17.102501
2593,2020-04-28,MDT,17.33272
2594,2020-04-29,MDT,20.938688
2595,2020-04-30,MDT,26.74893
2596,2020-05-01,MDT,27.738152
2597,2020-05-04,MDT,28.831995
2598,2020-05-05,MDT,34.462592
2599,2020-05-06,MDT,33.728112
2600,2020-05-07,MDT,33.18752
2601,2020-05-08,MDT,34.458782
2602,2020-05-11,MDT,33.656824
2603,2020-05-12,MDT,36.10264
2604,2020-05-13,MDT,35.703201
2605,2020-05-14,MDT,38.6066
2606,2020-05-15,MDT,41.492736
2607,2020-05-18,MDT,44.861202
2608,2020-05-19,MDT,44.87439
2609,2020-05-20,MDT,46.621552
2610,2020-05-21,MDT,47.79705
2611,2020-05-22,MDT,46.936235
2612,2020-05-26,MDT,47.89988
2613,2020-05-27,MDT,45.1984
2614,2020-05-28,MDT,46.343388
2615,2020-05-29,MDT,49.040359
2616,2020-06-01,MDT,48.37287
2617,2020-06-02,MDT,49.84332
2618,2020-06-03,MDT,50.410432
2619,2020-06-04,MDT,50.546936
2620,2020-06-05,MDT,53.031121
2621,2020-06-08,MDT,51.082911
2622,2020-06-09,MDT,52.322854
2623,2020-06-10,MDT,52.94406
2624,2020-06-11,MDT,49.373579
2625,2020-06-12,MDT,49.271904
2626,2020-06-15,MDT,50.430028
2627,2020-06-16,MDT,51.872908
2628,2020-06-17,MDT,51.387005
2629,2020-06-18,MDT,52.711731
2630,2020-06-19,MDT,53.967564
2631,2020-06-22,MDT,54.9927
2632,2020-06-23,MDT,54.60464
2633,2020-06-24,MDT,51.523481
2634,2020-06-25,MDT,52.75157
2635,2020-06-26,MDT,52.693628
2636,2020-06-29,MDT,54.276494
2637,2020-06-30,MDT,53.517156
2638,2020-07-01,MDT,54.348464
2639,2020-07-02,MDT,55.118402
2640,2020-07-06,MDT,54.862693
2641,2020-07-07,MDT,55.133397
2642,2020-07-08,MDT,55.383958
2643,2020-07-09,MDT,53.73202
2644,2020-07-10,MDT,55.137264
2645,2020-07-13,MDT,54.349402
2646,2020-07-14,MDT,54.87248
2647,2020-07-15,MDT,55.76008
2648,2020-07-16,MDT,55.174182
2649,2020-07-17,MDT,55.04257
2650,2020-07-20,MDT,55.296069
2651,2020-07-21,MDT,56.150496
2652,2020-07-22,MDT,56.20296
2653,2020-07-23,MDT,54.893808
2654,2020-07-24,MDT,55.334783
2655,2020-07-27,MDT,55.465188
2656,2020-07-28,MDT,54.682197
2657,2020-07-29,MDT,54.94968
2658,2020-07-30,MDT,53.52652
2659,2020-07-31,MDT,53.75004
2660,2020-08-03,MDT,54.728532
2661,2020-08-04,MDT,55.721124
2662,2020-08-05,MDT,56.03195
2663,2020-08-06,MDT,55.733356
2664,2020-08-07,MDT,55.059732
2665,2020-08-10,MDT,56.006676
2666,2020-08-11,MDT,55.197523
2667,2020-08-12,MDT,56.46204
2668,2020-08-13,MDT,55.855042
2669,2020-08-14,MDT,55.71625
2670,2020-08-17,MDT,56.644823
2671,2020-08-18,MDT,56.48613
2672,2020-08-19,MDT,56.516761
2673,2020-08-20,MDT,56.23709
2674,2020-08-21,MDT,55.88356
2675,2020-08-24,MDT,56.050508
2676,2020-08-25,MDT,56.958498
2677,2020-08-26,MDT,56.842755
2678,2020-08-27,MDT,56.297152
2679,2020-08-28,MDT,56.264712
2680,2020-08-31,MDT,55.571962
2681,2020-09-01,MDT,55.82318
2682,2020-09-02,MDT,55.874492
2683,2020-09-03,MDT,54.316097
2684,2020-09-04,MDT,51.950241
2685,2020-09-08,MDT,48.635217
2686,2020-09-09,MDT,50.123265
2687,2020-09-10,MDT,49.02845
2688,2020-09-11,MDT,49.223338
2689,2020-09-14,MDT,49.050525
2690,2020-09-15,MDT,50.450904
2691,2020-09-16,MDT,52.895856
2692,2020-09-17,MDT,54.1068
2693,2020-09-18,MDT,54.181274
2694,2020-09-21,MDT,52.188318
2695,2020-09-22,MDT,52.64105
2696,2020-09-23,MDT,53.325136
2697,2020-09-24,MDT,53.643114
2698,2020-09-25,MDT,53.664376
2699,2020-09-28,MDT,54.140766
2700,2020-09-29,MDT,52.265073
2701,2020-09-30,MDT,53.422695
2702,2020-10-01,MDT,51.187492
2703,2020-10-02,MDT,49.1139
2704,2020-10-05,MDT,51.908328
2705,2020-10-06,MDT,53.778144
2706,2020-10-07,MDT,52.86105
2707,2020-10-08,MDT,54.25488
2708,2020-10-09,MDT,53.121984
2709,2020-10-12,MDT,51.519392
2710,2020-10-13,MDT,52.571399
2711,2020-10-14,MDT,53.685954
2712,2020-10-15,MDT,54.03132
2713,2020-10-16,MDT,53.69144
2714,2020-10-19,MDT,53.568385
2715,2020-10-20,MDT,54.351906
2716,2020-10-21,MDT,52.330536
2717,2020-10-22,MDT,53.172532
2718,2020-10-23,MDT,52.20522
2719,2020-10-26,MDT,50.678639
2720,2020-10-27,MDT,51.787176
2721,2020-10-28,MDT,49.576554
2722,2020-10-29,MDT,47.976306
2723,2020-10-30,MDT,47.465352
2724,2020-11-02,MST,48.52062
2725,2020-11-03,MST,49.21488
2726,2020-11-04,MST,51.198786
2727,2020-11-05,MST,50.324656
2728,2020-11-06,MST,48.205183
2729,2020-11-09,MST,51.94485
2730,2020-11-10,MST,53.604006
2731,2020-11-11,MST,53.669091
2732,2020-11-12,MST,53.67307
2733,2020-11-13,MST,52.495971
2734,2020-11-16,MST,53.83169
2735,2020-11-17,MST,53.999656
2736,2020-11-18,MST,54.394332
2737,2020-11-19,MST,54.386031
2738,2020-11-20,MST,54.885129
2739,2020-11-23,MST,56.134862
2740,2020-11-24,MST,58.270543
2741,2020-11-25,MST,59.267674
2742,2020-11-30,MST,58.6018
2743,2020-12-01,MST,57.688208
2744,2020-12-02,MST,58.500482
2745,2020-12-03,MST,58.7972
2746,2020-12-04,MST,59.179023
2747,2020-12-07,MST,58.526172
2748,2020-12-08,MST,58.455712
2749,2020-12-09,MST,58.228044
2750,2020-12-10,MST,59.544184
2751,2020-12-11,MST,59.490771
2752,2020-12-14,MST,59.983414
2753,2020-12-15,MST,60.531276
2754,2020-12-16,MST,61.035858
2755,2020-12-17,MST,61.478812
2756,2020-12-18,MST,62.6486
2757,2020-12-21,MST,61.405371
2758,2020-12-22,MST,60.693416
2759,2020-12-23,MST,61.631664
2760,2020-12-24,MST,61.83903
2761,2020-12-28,MST,60.96625
2762,2020-12-29,MST,61.27671
2763,2020-12-30,MST,61.597656
2764,2020-12-31,MST,61.55922